lat_deg,lon_deg,access_fraction,max_gap_s,num_complete_passes,longest_pass_s,peak_elevation_deg
60.0,0.0,0.8117045544471715,8245.650368599454,27,35180.28951589065,46.100731681702754
60.0,2.5,0.8114958277783614,8258.938500283752,27,35435.47265548236,47.10978675965113
60.0,5.0,0.8110732138749257,8281.31345328386,27,35680.839130252134,48.13818241233507
60.0,7.5,0.8104379199481958,8312.866767270025,27,35916.19003681163,49.18539525732257
60.0,10.0,0.8095973647760062,8353.125885107787,27,36141.397834886564,50.250892989620645
60.0,12.5,0.8085559199939906,8401.79861873528,27,36356.599923271686,51.33413388796835
60.0,15.0,0.8073228987031397,8458.66767032654,27,36561.2344010009,52.43456619052712
60.0,17.5,0.8059079288052544,8522.96160571184,27,36756.144926849985,53.5516273148032
60.0,20.0,0.804321887543201,8594.034326865105,27,36940.88432969479,54.68474288863601
60.0,22.5,0.8025780883809766,8671.567052548751,27,37116.017980355304,55.83332554834475
60.0,25.0,0.800687914519269,8754.712364780717,27,37281.484102960676,56.99677344559575
60.0,27.5,0.7986673196069074,8843.024318175623,27,37437.399179834174,58.1744683847289
60.0,30.0,0.7965315098167631,8935.537025568308,27,37584.4331679258,59.365773484974284
60.0,32.5,0.7942976727361398,9031.61539417901,27,37722.46682135761,60.57003022396224
60.0,35.0,0.7919825441526549,9130.619429523824,27,37851.87631551619,61.78655466535788
60.0,37.5,0.7896033381436107,9231.53838638682,27,37973.02695830213,63.01463259701822
60.0,40.0,0.7871780130114939,9333.791572101414,27,38086.1996228646,64.2535131955695
60.0,42.5,0.7847267105899546,9436.391044736374,27,38191.720905952854,65.50240067133586
60.0,45.0,0.7822665244614597,9538.823700785637,27,38289.86035858304,66.76044310697576
60.0,47.5,0.7798162598294953,9640.215070211794,27,38380.719655184774,68.02671749096018
60.0,50.0,0.7773943031801249,9739.612012619153,27,38464.5299199163,69.30020835228957
60.0,52.5,0.7750212107482897,9836.31951415725,27,38542.09112052224,70.57977976208831
60.0,55.0,0.7727119289600417,9929.906200264115,27,38613.06320624915,71.86413441953881
60.0,57.5,0.7704848493032255,10019.205478059826,27,38677.883236505324,73.15176103017747
60.0,60.0,0.7683570688290298,10104.14350125962,27,38736.749238196295,74.44094207491186
60.0,62.5,0.7663440281538831,10183.520473677432,27,38789.95607402059,75.76117050885307
60.0,65.0,0.7644614189377865,10256.822430066997,27,38837.6600659159,77.08302934142682
60.0,67.5,0.762723588813625,10323.926314336015,27,38879.68459442002,78.47220416000718
60.0,70.0,0.7611428796302365,10383.768491648603,27,38916.83767691464,79.89800767694145
60.0,72.5,0.7597320951716322,10436.013137107715,27,38948.856033001095,81.3405950906962
60.0,75.0,0.7585008436763425,10480.305759890005,27,38975.5606544062,82.79594653949317
60.0,77.5,0.7574590661154673,10516.45171546028,27,38997.51402275497,84.26032941352504
60.0,80.0,0.7566147999131106,10543.874609254766,27,39014.74719797983,85.73016355435198
60.0,82.5,0.755973965295464,10562.474214855582,27,39027.117356629344,87.2019952262498
60.0,85.0,0.7555416360321486,10571.972820126219,27,39034.70937545365,88.6724837841557
60.0,87.5,0.7553209112631715,10573.328673763725,27,39037.682963680476,89.95634842427636
60.0,90.0,0.7553138308929279,10573.328311299905,27,39037.81194613117,89.95467815220782
60.0,92.5,0.7555202193744185,10572.343769844538,27,39035.13164405667,88.77081500148316
60.0,95.0,0.7559383882410843,10563.473002209019,27,39027.776114838154,87.30054832197833
60.0,97.5,0.7565652166678307,10545.46962807899,27,39015.61299050362,85.82870292739922
60.0,100.0,0.757396316536894,10518.652553648804,27,38998.735366755514,84.35862754657047
60.0,102.5,0.7584252759768165,10483.061010605525,27,38977.135796978706,82.89376892188253
60.0,105.0,0.7596439248203316,10439.09643788619,27,38950.80634835111,81.4376981975696
60.0,107.5,0.7610429629523177,10387.38170753375,27,38919.19087086535,79.99413434610888
60.0,110.0,0.7626127996441696,10328.146840631223,27,38882.395134334205,78.5670736629079
60.0,112.5,0.7643404520943965,10261.669852595373,27,38840.57449340369,77.16103145752604
60.0,115.0,0.766213902017723,10188.477154226232,27,38793.3124012864,75.81880256168202
60.0,117.5,0.7682181628067793,10109.605915276476,27,38740.583165129705,74.52729517691579
60.0,120.0,0.7703383648768591,10025.122042142633,27,38681.88704776869,73.23806339976231
60.0,122.5,0.7725593860144736,9936.057386350345,27,38617.55832296389,71.95027788120369
60.0,125.0,0.7748638602566498,9842.663869591583,27,38546.93842373391,70.66565418169635
60.0,127.5,0.7772345847621015,9746.17590544491,27,38469.87976746485,69.38571986280452
60.0,130.0,0.779652834458359,9646.878691669936,27,38386.58987158815,68.111784783023
60.0,132.5,0.7821021491091471,9545.586028625057,27,38296.151407440964,66.84499439962774
60.0,135.0,0.7845613419811387,9443.416531755327,27,38198.440713019605,65.58637097174945
60.0,137.5,0.7870150236773444,9340.704493146706,27,38093.44584011346,64.33682664098014
60.0,140.0,0.789441718828837,9238.508124384578,27,37980.800525283776,63.09725220604688
60.0,142.5,0.7918243280190155,9137.417394068692,27,37860.17490792248,61.86842835931511
60.0,145.0,0.7941450411358052,9038.233568107971,27,37731.28489629811,60.65110872600733
60.0,147.5,0.7963854335395207,8941.815077624899,27,37593.90012274709,59.4460098056495
60.0,150.0,0.7985280750045145,8849.076170133176,27,37447.67249541127,58.25381743302376
60.0,152.5,0.8005566294056974,8760.619478087214,27,37292.24021143421,57.07519173073014
60.0,155.0,0.8024549474488816,8676.833633798167,27,37127.44725505756,55.91077094829591
60.0,157.5,0.804209882780624,8599.087802332713,27,36952.85982044664,54.761174468548816
60.0,160.0,0.8058072684160236,8527.353991290867,27,36768.92840003241,53.627005183228384
60.0,162.5,0.807233646094537,8462.624187400175,27,36574.631142235856,52.50885138474913
60.0,165.0,0.8084784300038221,8405.544465820614,27,36370.46510745956,51.4072882820175
60.0,167.5,0.8095319263224344,8356.31227111577,27,36155.99886742802,50.32287922022841
60.0,170.0,0.8103870070709089,8315.350642641071,27,35931.433783628265,49.256176664283856
60.0,172.5,0.811036845543579,8283.20941836168,27,35696.85974534247,48.20772299062107
60.0,175.0,0.811475147676337,8260.034892108819,27,35452.321725020825,47.17805112126707
60.0,177.5,0.8116982631705558,8246.201431095786,27,35197.66621234492,46.167685025768115
60.0,180.0,0.8117045588762287,8245.370486788917,27,35188.8854121957,46.06744630418149
60.0,182.5,0.8114958483968978,8258.344512834214,27,35443.801822162466,47.07584799273878
60.0,185.0,0.8110732614438758,8280.417810436338,27,35688.91854010802,48.10360754765896
60.0,187.5,0.8104379010312395,8311.667399438797,27,35923.88830048358,49.15020187668099
60.0,190.0,0.8095973120893257,8351.64952763496,27,36148.71353812516,50.21509897942425
60.0,192.5,0.8085558140280663,8400.040983976098,27,36363.530660879565,51.29775745767496
60.0,195.0,0.8073227051448973,8456.650322180241,27,36567.901197451865,52.39762589579621
60.0,197.5,0.805907719973197,8520.706726641627,27,36762.3821581339,53.51414208632421
60.0,200.0,0.8043213761765042,8591.567869573366,27,36946.890661947895,54.64673206789173
60.0,202.5,0.8025776327894886,8668.873696534196,27,37121.74887194554,55.79480893198221
60.0,205.0,0.8006870320021905,8751.863039115677,27,37286.78214746225,56.95777134063707
60.0,207.5,0.798666312788804,8840.011750227539,27,37442.41288387985,58.13500167762154
60.0,210.0,0.7965302287368365,8932.371695020236,27,37589.15917575662,59.325863728541066
60.0,212.5,0.7942959980555161,9028.393153073266,27,37726.97247557063,60.529699747797686
60.0,215.0,0.7919806172886553,9127.30734128342,27,37856.100882079685,61.74582671732233
60.0,217.5,0.789601187801152,9228.167655245634,27,37976.9741033935,62.973531526503166
60.0,220.0,0.7871754887933841,9330.402548162732,27,38089.87495440338,64.21206469360521
60.0,222.5,0.7847238311815122,9433.008171208436,27,38195.131689029746,65.46063208910115
60.0,225.0,0.7822633824537065,9535.392319564009,27,38292.92229740368,66.71838388397254
60.0,227.5,0.7798131385285972,9636.854617101839,27,38383.55538735213,67.98439973499835
60.0,230.0,0.7773909894112733,9736.357665576274,27,38467.27175427228,69.25766764615109
60.0,232.5,0.7750175207841553,9833.098724569194,27,38544.49628232233,70.53705629932175
60.0,235.0,0.7727082184562717,9926.85297950753,27,38615.24932008167,71.82127456814867
60.0,237.5,0.7704808956387232,10016.24115855177,27,38680.00573185412,73.1088191538396
60.0,240.0,0.7683531913750868,10101.408939167392,27,38738.56312014884,74.39797367338797
60.0,242.5,0.7663400910714007,10180.933034650516,27,38791.612630501855,75.73587688267618
60.0,245.0,0.7644574434261395,10254.526682072785,27,38839.127908585826,77.1141544527089
60.0,247.5,0.7627195575814403,10321.815953800222,27,38881.002285554074,78.51940022289986
60.0,250.0,0.7611390060367056,10381.865652299952,27,38918.00715744449,79.94583108385253
60.0,252.5,0.7597280490388275,10434.34054048569,27,38949.736132041086,81.38890644088434
60.0,255.0,0.7584968279230557,10479.003129509976,27,38976.418158979155,82.84462083743398
60.0,257.5,0.7574550572096512,10515.434026779607,27,38998.23091190192,84.30923919408198
60.0,260.0,0.7566109199475803,10543.119040704798,27,39015.319507315755,85.77919499529573
60.0,262.5,0.7559700372399294,10562.043117908994,27,39027.42297095712,87.25103506869013
60.0,265.0,0.7555376388321746,10571.841087577632,27,39034.8774604511,88.72142256335353
60.0,267.5,0.7553168741564905,10573.333723671036,27,39037.687096981565,89.97966575718499
60.0,270.0,0.755309774075152,10573.337397868163,27,39037.765345138876,89.97681727639969
60.0,272.5,0.7555163321037505,10572.20187111426,27,39035.24622226866,88.81974218591165
60.0,275.0,0.7559345325255643,10563.031589437102,27,39028.14202275024,87.34958459496713
60.0,277.5,0.7565613242502075,10544.745493085364,27,39016.13542519889,85.87773840461155
60.0,280.0,0.7573923381728871,10517.62416680393,27,38999.397487078924,84.4075491216628
60.0,282.5,0.7584212136107573,10481.752598733525,27,38977.938870766564,82.94246297053235
60.0,285.0,0.7596399065951853,10437.561665084577,27,38951.751895246634,81.48603751693517
60.0,287.5,0.7610389464270354,10385.465894541529,27,38920.303352871866,80.04199449301544
60.0,290.0,0.7626087273232021,10326.023516547728,27,38883.65645145143,78.61431513571651
60.0,292.5,0.7643365853981682,10259.361232720577,27,38842.1353769164,77.20749152790466
60.0,295.0,0.7662098039267011,10185.933955771186,27,38795.0253583562,75.82717585636256
60.0,297.5,0.7682142816584918,10106.869325361557,27,38742.387749538175,74.4843252127541
60.0,300.0,0.770334504387369,10022.262165015978,27,38683.958244362315,73.19511817947352
60.0,302.5,0.7725557558902585,9932.994970914027,27,38619.84518276565,71.90741090191804
60.0,305.0,0.7748602181848387,9839.53506520672,27,38549.38973040718,70.62292005761576
60.0,307.5,0.7772312811656075,9742.9049543429,27,38472.56270333068,69.34316560003604
60.0,310.0,0.7796496043363745,9643.500828793127,27,38389.51569968682,68.06945093525148
60.0,312.5,0.7820989420211137,9542.226966671376,27,38299.248354437965,66.8029168239518
60.0,315.0,0.7845584858735678,9440.0159785851,27,38201.79333269911,65.54458198275972
60.0,317.5,0.7870124910083333,9337.289773221171,27,38097.06305000607,64.29537229649414
60.0,320.0,0.7894396515855179,9235.118899443813,27,37984.689902689584,63.056141666012685
60.0,322.5,0.7918223867417317,9134.086476373355,27,37864.34235321621,61.82768785913226
60.0,325.0,0.7941432628779763,9034.992273152951,27,37735.73434604907,60.610762918733855
60.0,327.5,0.7963840747097142,8938.679851805391,27,37598.63332314142,59.40608217583643
60.0,330.0,0.7985270539099146,8846.029972703109,27,37452.63210365529,58.2143304990997
60.0,332.5,0.800555827007918,8757.750796394917,27,37297.48581657976,57.03616719921867
60.0,335.0,0.8024542562738616,8674.165657048652,27,37133.171411323645,55.872229832964045
60.0,337.5,0.8042095191482146,8596.601896515145,27,36958.8167686075,54.72313718354737
60.0,340.0,0.805807035361011,8525.079625349994,27,36775.18072170156,53.58949161662741
60.0,342.5,0.8072334695572845,8460.599756588403,27,36581.2796775496,52.47188095706733
60.0,345.0,0.8084784074687218,8403.77504246834,27,36377.48062829084,51.37087999309555
60.0,347.5,0.8095319181268634,8354.816805118106,27,36163.273810811355,50.287051686912015
60.0,350.0,0.810386929904672,8314.143982461559,27,35939.10538105864,49.22094815074858
60.0,352.5,0.8110369005332224,8282.291969102153,27,35704.91082368021,48.17311143271135
60.0,355.0,0.8114751328221561,8259.42210724533,27,35460.687261812476,47.1440741458822
60.0,357.5,0.8116983398246919,8245.896804436736,27,35206.29228032906,46.13435996607885
62.5,0.0,0.8153137746123963,8067.5844262149185,27,35309.61387492344,47.99211540492491
62.5,2.5,0.8151455210271021,8078.338050667662,27,35536.09619362955,48.96411244182443
62.5,5.0,0.8148054214026006,8096.479003835237,27,35754.66808852763,49.95503158933418
62.5,7.5,0.8142964025924881,8121.796848176746,27,35965.182806493016,50.964393821646794
62.5,10.0,0.8136217665603034,8154.144485981902,27,36167.11731377593,51.991714096676624
62.5,12.5,0.8127865710710322,8193.28823569999,27,36361.08354642987,53.03650140595199
62.5,15.0,0.8117988118929006,8238.960018840153,27,36545.93992932979,54.09825880179846
62.5,17.5,0.8106626724353694,8290.639179194346,27,36722.78940141364,55.17648340175938
62.5,20.0,0.8093915080792039,8347.913744715974,27,36891.17438046145,56.270666369584525
62.5,22.5,0.8079918567074803,8410.214883578941,27,37051.1507698535,57.38029287124335
62.5,25.0,0.8064761660977774,8477.33814233006,27,37202.87034643232,58.50484200318624
62.5,27.5,0.8048563949777942,8548.326803120086,27,37346.709995986894,59.643786688358816
62.5,30.0,0.8031430846358367,8622.810735374456,27,37482.701612067875,60.79659353306019
62.5,32.5,0.8013527756420133,8700.030549334362,27,37610.82773696957,61.962722634335854
62.5,35.0,0.7994950551466277,8779.76224324992,27,37731.374829578446,63.14162732274862
62.5,37.5,0.7975873153563324,8861.040458773728,27,37844.62282706052,64.33275381837555
62.5,40.0,0.7956441562217061,8943.31974934158,27,37950.77112972364,65.53554076763042
62.5,42.5,0.7936777029943323,9026.049388514133,27,38049.89326112834,66.74941861322829
62.5,45.0,0.7917047329316733,9108.45333919744,27,38142.43032697099,67.97380872638742
62.5,47.5,0.7897406409794744,9189.792797645787,27,38228.47259986866,69.20812219431757
62.5,50.0,0.7878003799258015,9269.661134703318,27,38308.24487014767,70.4517580987692
62.5,52.5,0.7858975310024459,9347.465557389194,27,38381.81249346258,71.70410102806153
62.5,55.0,0.7840472472874025,9422.231158404844,27,38449.66903025005,72.9645174084751
62.5,57.5,0.7822633111534066,9494.184029425029,27,38511.51951849065,74.23234997021615
62.5,60.0,0.7805582542388133,9561.902856085682,27,38568.24265503511,75.50690932711699
62.5,62.5,0.7789464077089325,9625.46378518641,27,38619.07820293354,76.78745969397914
62.5,65.0,0.7774386296528769,9684.072155815316,27,38664.91699629277,78.07319726100482
62.5,67.5,0.7760472734126752,9737.333121773088,27,38705.885408128845,79.36321125344769
62.5,70.0,0.7747816991084817,9784.943357207114,27,38741.29937223252,80.65641974813641
62.5,72.5,0.7736521858368907,9826.532765854849,27,38772.10101823206,81.95154172960298
62.5,75.0,0.772667202857727,9861.683068282902,27,38798.24097747216,83.2611596811507
62.5,77.5,0.7718334646598465,9890.101124770008,27,38819.41513130069,84.58809485486718
62.5,80.0,0.7711577269338231,9911.485582433641,27,38836.01895355433,85.91702313557442
62.5,82.5,0.7706449198807256,9925.769735177746,27,38848.053080006735,87.244442984756
62.5,85.0,0.7702991951768181,9932.825379015412,27,38855.51866460056,88.56031589121304
62.5,87.5,0.7701227266726818,9933.556185034919,27,38858.41670606611,89.86916528720805
62.5,90.0,0.7701170535123714,9933.560534569784,27,38858.48919760139,89.9587388740599
62.5,92.5,0.7702820535803232,9932.977237668194,27,38855.895931354986,88.61585872176113
62.5,95.0,0.7706166407245979,9926.425212169368,27,38848.76714316456,87.28048105051661
62.5,97.5,0.771118332098997,9912.56516609219,27,38837.11704466997,85.95631096172602
62.5,100.0,0.771783367269283,9891.701387044792,27,38820.85234648587,84.64147411460495
62.5,102.5,0.7726063740051042,9863.743334422466,27,38799.80238316154,83.33615237869873
62.5,105.0,0.7735814829116836,9829.16635222911,27,38773.962646042986,82.03831660308902
62.5,107.5,0.7747018378934974,9788.043147587337,27,38743.49938325386,80.74310416802963
62.5,110.0,0.7759583088114216,9740.697589955718,27,38708.32297906738,79.44972618761817
62.5,112.5,0.7773417719624168,9687.812446777029,27,38667.87640893871,78.15946190603064
62.5,115.0,0.7788420999771075,9629.540132547303,27,38622.372464448854,76.87340802592541
62.5,117.5,0.7804473291674816,9566.280180091406,27,38571.63952119814,75.59248424872995
62.5,120.0,0.782146494078744,9498.774720622194,27,38515.59352995842,74.31750025379888
62.5,122.5,0.7839250830659598,9427.29810004255,27,38453.842011874076,73.04919527103112
62.5,125.0,0.785772117463971,9352.601836881167,27,38386.675016586814,71.78826141589786
62.5,127.5,0.7876718951870334,9274.863512374875,27,38313.29940280547,70.53534102364985
62.5,130.0,0.7896101342151409,9195.276338816235,27,38233.90817295936,69.29110418181
62.5,132.5,0.7915731956274668,9113.920911230613,27,38148.559346742855,68.05614881142189
62.5,135.0,0.793545321965617,9031.499435630158,27,38056.43588198745,66.83107676916458
62.5,137.5,0.7955119820768807,8948.893482177442,27,37957.509675509864,65.61647775056225
62.5,140.0,0.7974588170136258,8866.568557414623,27,37851.80269922962,64.41293105918055
62.5,142.5,0.7993684972750671,8785.308932354652,27,37739.03500923117,63.221006850801956
62.5,145.0,0.8012293325311411,8705.514584937344,27,37618.96378421747,62.04126702268943
62.5,147.5,0.8030261527033034,8627.833239148968,27,37491.389866028156,60.874265858464035
62.5,150.0,0.8047436702575597,8553.133117428977,27,37356.16313407218,59.72055050173906
62.5,152.5,0.8063718221610132,8481.880201894975,27,37212.8019041933,58.58066130763021
62.5,155.0,0.8078936878148649,8414.699738818003,27,37061.51213695324,57.4551321054891
62.5,157.5,0.8093019469277304,8351.788831473335,27,36902.35106956167,56.3444903956455
62.5,160.0,0.8105821796089286,8294.366017009437,27,36734.2386305666,55.24925749574806
62.5,162.5,0.8117266217828372,8242.191947627434,27,36558.18250827382,54.16994864731422
62.5,165.0,0.8127250841585629,8196.196183491378,27,36373.56131387691,53.10707308960831
62.5,167.5,0.8135704759524883,8156.67728556689,27,36180.31902997376,52.06113410549414
62.5,170.0,0.8142575801941014,8123.685514105477,27,35978.979011103205,51.03262904214425
62.5,172.5,0.814778225342452,8097.812792262281,27,35769.12748086492,50.02204930822657
62.5,175.0,0.8151287612816102,8079.256779181796,27,35551.085945984,49.029880348291044
62.5,177.5,0.8153080731561401,8068.091175496582,27,35325.10121902177,48.05660159444839
62.5,180.0,0.8153138495371643,8067.360106647946,27,35317.3225663451,47.96005719969028
62.5,182.5,0.8151455636114455,8077.861760427011,27,35543.55058275792,48.93141552543494
62.5,185.0,0.8148055261872769,8095.756804984296,27,35761.791203300934,49.921711819836936
62.5,187.5,0.8142966228673202,8120.837850696407,27,35972.022518447135,50.930467258694655
62.5,190.0,0.8136217572477185,8152.95980469184,27,36173.72713593836,51.95719699947162
62.5,192.5,0.8127864757082969,8191.862234922359,27,36367.307581185596,53.0014102319497
62.5,195.0,0.8117988188389815,8237.336954121245,27,36551.960168918595,54.0626102061674
62.5,197.5,0.8106626764433139,8288.836563699413,27,36728.61626150948,55.14029423760562
62.5,200.0,0.8093912918860212,8345.91253028647,27,36896.56862116768,56.23395368897656
62.5,202.5,0.807991553848496,8408.077667086385,27,37056.34501479799,57.34307392710569
62.5,205.0,0.8064757233509171,8475.041079035262,27,37207.812085481826,58.467134252179676
62.5,207.5,0.8048557487173734,8545.886500054505,27,37351.394269647775,59.60560779493063
62.5,210.0,0.8031423268027921,8620.252303117188,27,37487.1255570841,60.75796137494364
62.5,212.5,0.8013517539893324,8697.41284661484,27,37615.06130366307,61.92365530991062
62.5,215.0,0.7994937538700349,8777.11322062253,27,37735.35338714812,63.102143160865964
62.5,217.5,0.7975857900566553,8858.319778526202,27,37848.34919833951,64.29287139152994
62.5,220.0,0.7956423928182633,8940.533801789163,27,37954.165227674646,65.49527890976943
62.5,222.5,0.7936757807233359,9023.277847200166,27,38053.04161910922,66.70879644411012
62.5,225.0,0.7917026875925494,9105.72197963274,27,38145.340443981346,67.9328456853426
62.5,227.5,0.789738277291247,9187.130059013609,27,38231.31982241967,69.16683808775407
62.5,230.0,0.7877978353317444,9266.99619027297,27,38310.766857624054,70.41017316814758
62.5,232.5,0.7858947999244429,9344.924765687669,27,38384.116405122215,71.66223604900061
62.5,235.0,0.7840442329068465,9419.762471311726,27,38451.92251102044,72.92239383834028
62.5,237.5,0.782260309593292,9491.854336409597,27,38513.46274373704,74.1899903216426
62.5,240.0,0.780555121242294,9559.670033223461,27,38570.03364053252,75.46433691718556
62.5,242.5,0.7789432088515981,9623.444203759544,27,38620.67908713268,76.74470012519443
62.5,245.0,0.7774353541526636,9682.187487336807,27,38666.37080974132,78.03027877361338
62.5,247.5,0.7760439302248655,9735.607836534968,27,38707.06036578654,79.32016652189238
62.5,250.0,0.7747781863542422,9783.503477745922,27,38742.4348624337,80.61328846485235
62.5,252.5,0.7736486876350198,9825.28325987095,27,38773.09586556605,81.90836485514953
62.5,255.0,0.7726637202523096,9860.605923430063,27,38798.95713404124,83.21711071753404
62.5,257.5,0.7718299317342714,9889.253590043634,27,38819.99278844823,84.54538501141133
62.5,260.0,0.7711541302406368,9910.843194632791,27,38836.45910808141,85.88314074226169
62.5,262.5,0.7706413863238328,9925.397661026102,27,38848.35652610054,87.22605143034745
62.5,265.0,0.7702956976673702,9932.692295195535,27,38855.6859555128,88.5706339116069
62.5,267.5,0.7701192016388129,9933.54888399283,27,38858.44812732609,89.91387277915746
62.5,270.0,0.7701135016744197,9933.56660299853,27,38858.46532515137,89.99047409600992
62.5,272.5,0.7702785813788393,9932.828339646192,27,38856.045876506905,88.66065451420002
62.5,275.0,0.7706130489830266,9926.037250352485,27,38849.05860666373,87.31607381398376
62.5,277.5,0.7711146974483687,9911.953354520265,27,38837.50224006381,85.97295102296782
62.5,280.0,0.7717799028027301,9890.83771881459,27,38821.37530124733,84.63472800233589
62.5,282.5,0.7726028722378459,9862.689322524966,27,38800.601769339315,83.30565062039041
62.5,285.0,0.7735780245214592,9827.90067489558,27,38774.902032372935,81.99513602479243
62.5,287.5,0.7746983191856135,9786.587045434273,27,38744.5799163688,80.69996871870248
62.5,290.0,0.7759549299589913,9739.071825420004,27,38709.64265358442,79.40667432314277
62.5,292.5,0.7773383843722496,9685.923816709663,27,38669.27364369679,78.11653388318953
62.5,295.0,0.7788388489619641,9627.502819144218,27,38623.917567571785,76.8306368922506
62.5,297.5,0.7804441651228585,9564.13985058853,27,38573.484639582486,75.54989848111532
62.5,300.0,0.7821433505128867,9496.426173562075,27,38517.48020483183,74.27512545682126
62.5,302.5,0.7839221039828506,9424.891622640083,27,38456.03883458211,73.00705516884997
62.5,305.0,0.7857694216623228,9350.041468214557,27,38388.92228158268,71.74637844305182
62.5,307.5,0.7876691827958471,9272.278477927503,27,38315.86434170526,70.49375347633344
62.5,310.0,0.7896078688915521,9192.593435159259,27,38236.69825180678,69.24981453779989
62.5,312.5,0.7915710493198149,9111.168727468386,27,38151.41292371964,68.01517744036155
62.5,315.0,0.7935432722402114,9028.706564066044,27,38059.60043454438,66.79044383246034
62.5,317.5,0.7955101365924109,8946.173570740648,27,37960.93243725081,65.5762028547819
62.5,320.0,0.7974573207038153,8863.858711146328,27,37855.47351412618,64.3730334599206
62.5,322.5,0.799367149861876,8782.638227691641,27,37742.95853110371,63.18150549456159
62.5,325.0,0.8012282280177543,8702.908522457205,27,37623.14307026091,62.00218057687181
62.5,327.5,0.8030252970879667,8625.318542355642,27,37495.82619266644,60.83561273321259
62.5,330.0,0.8047429787785149,8550.670325140418,27,37360.82758364549,59.68234886604595
62.5,332.5,0.8063713567348219,8479.55703814324,27,37217.69249736982,58.54292910134674
62.5,335.0,0.8078933801608883,8412.540051174474,27,37066.656793248134,57.417887048341676
62.5,337.5,0.8093017409509017,8349.761147634868,27,36907.7174822769,56.30774999400976
62.5,340.0,0.8105820087850665,8292.54081229191,27,36740.01879543494,55.213039047696874
62.5,342.5,0.8117266759286984,8240.543272286195,27,36564.157947090105,54.13426924628987
62.5,345.0,0.8127252327478025,8194.778577236211,27,36379.86549911913,53.07194962695464
62.5,347.5,0.8135706565367894,8155.470106812449,27,36186.887957806975,52.02658327200332
62.5,350.0,0.8142577630579607,8122.704166860749,27,35985.88319626058,50.99866732871425
62.5,352.5,0.8147782915510368,8097.068095492665,27,35776.21410308932,49.988693005684766
62.5,355.0,0.8151287416131899,8078.758087835908,27,35558.50609578389,48.99714554640962
62.5,357.5,0.8153081416031139,8067.844514058728,27,35332.83640997762,48.02450418015675
65.0,0.0,0.8184265721606929,7915.187146819895,27,35419.80817621644,49.798262247334534
65.0,2.5,0.8182929348764963,7923.645520339953,27,35620.11168310768,50.726255598182966
65.0,5.0,0.8180232543585267,7937.903771556914,27,35814.05737941549,51.67237287160348
65.0,7.5,0.8176201477563353,7958.093500432558,27,36001.27319708094,52.636152070700135
65.0,10.0,0.8170844384507514,7983.860882751178,27,36181.59706778452,53.617124488219964
65.0,12.5,0.8164225973265805,8014.868015516084,27,36355.42526844703,54.614814691853134
65.0,15.0,0.8156385161847952,8051.193200368201,27,36521.70440820232,55.6287404718147
65.0,17.5,0.8147387274558836,8092.160759338411,27,36681.27550170338,56.65841274579186
65.0,20.0,0.8137302822892882,8137.586828251602,27,36833.77981058997,57.70333541443162
65.0,22.5,0.8126211083297067,8187.225114652887,27,36979.257938850904,58.763005157940405
65.0,25.0,0.8114190223604012,8240.424816715997,27,37117.870738240425,59.83691116079656
65.0,27.5,0.8101335795850544,8296.857383381343,27,37249.6044941633,60.924534746654764
65.0,30.0,0.8087751424943252,8356.09205017169,27,37374.4939416179,62.025348898675055
65.0,32.5,0.8073541083825758,8417.637656710343,27,37492.620827516075,63.13881763088388
65.0,35.0,0.8058813438218462,8481.009244598448,27,37604.11151312385,64.26439516247918
65.0,37.5,0.8043681055267695,8545.689580560196,27,37709.133607473224,65.40152482722691
65.0,40.0,0.8028259942263719,8611.13182102982,27,37807.891661421396,66.54963762113626
65.0,42.5,0.8012669184522654,8676.808779003099,27,37900.62199402321,67.70815024843274
65.0,45.0,0.799702675530081,8742.186479296302,27,37987.52579933521,68.87646246029192
65.0,47.5,0.7981447679760786,8807.062285691034,27,38068.203794477275,70.05395337916566
65.0,50.0,0.7966048329057909,8870.517700332915,27,38143.26758942311,71.23997634036208
65.0,52.5,0.7950960270319447,8932.174905574415,27,38213.105394652346,72.43385152043908
65.0,55.0,0.7936280102675687,8991.854851972545,27,38276.94618550548,73.63485518363635
65.0,57.5,0.792213038508033,9048.648407492321,27,38336.16788470792,74.8422036211474
65.0,60.0,0.7908607546327674,9102.440683493856,27,38389.51465058117,76.05502850569282
65.0,62.5,0.7895823108614772,9152.811723588733,27,38438.33507751534,77.27233786686075
65.0,65.0,0.7883866829802769,9199.062864030944,27,38482.071621568175,78.49295198675429
65.0,67.5,0.7872827910002264,9241.353277833201,27,38520.82667222177,79.71539342818858
65.0,70.0,0.7862796040613796,9278.951416063588,27,38555.1600771111,80.93768832781997
65.0,72.5,0.7853841067513464,9311.62310022302,27,38584.64843638125,82.1569840439354
65.0,75.0,0.7846026347593651,9339.186499820556,27,38609.65216461639,83.3687542427742
65.0,77.5,0.7839417110981458,9361.244346660562,27,38630.04150978732,84.56497883542093
65.0,80.0,0.7834060633470309,9378.025931672892,27,38646.054606594844,85.72944150701106
65.0,82.5,0.7829997553901757,9389.074935930781,27,38657.60301557975,86.82368991747815
65.0,85.0,0.7827254057687809,9394.301593451994,27,38664.67627938301,87.73983665402763
65.0,87.5,0.7825854346800029,9394.849089733383,27,38667.42211395316,88.18202048568654
65.0,90.0,0.7825809222929874,9394.845385141904,27,38667.49115459464,88.18398330784031
65.0,92.5,0.7827118194712437,9394.50102137186,27,38665.06161977809,87.78905970645793
65.0,95.0,0.78297703142406,9389.677043581403,27,38658.13008128693,86.89253506448458
65.0,97.5,0.783374619017799,9379.057008921882,27,38646.81651473741,85.8055575691413
65.0,100.0,0.7839017215893959,9362.667401712235,27,38631.12556589639,84.64419806572822
65.0,102.5,0.7845547186436233,9340.748103009159,27,38611.063984876906,83.44945478220816
65.0,105.0,0.7853280358147132,9313.53981489897,27,38586.6412453075,82.23841843440218
65.0,107.5,0.7862159714218695,9281.311902836907,27,38557.259849731476,81.01945923615216
65.0,110.0,0.7872124839455732,9244.083395663412,27,38523.246668544176,79.79726298617327
65.0,112.5,0.788309748212854,9202.13670845632,27,38484.806954456915,78.57476271374642
65.0,115.0,0.78949949010279,9155.995907976783,27,38441.47719802543,77.35397620468999
65.0,117.5,0.7907729660224168,9106.030051398608,27,38392.9695267543,76.13640651391964
65.0,120.0,0.7921200195130177,9052.247525426592,27,38339.707355342456,74.92324913454193
65.0,122.5,0.7935318414632587,8995.770496378042,27,38281.131341439264,73.71550621218688
65.0,125.0,0.7949958101629079,8936.181800123184,27,38217.36510001456,72.5140529095764
65.0,127.5,0.796503212045841,8874.776321454294,27,38148.1834274421,71.3196776984442
65.0,130.0,0.7980411027318722,8811.199570524164,27,38073.47080696425,70.13310774707159
65.0,132.5,0.7995973944160292,8746.619119818595,27,37992.95179442629,68.9550254321495
65.0,135.0,0.8011617620558205,8681.281756620749,27,37906.69902718697,67.78607937563521
65.0,137.5,0.8027219517249329,8615.533934418861,27,37814.412025152094,66.6268919993651
65.0,140.0,0.8042655901276544,8549.973373272715,27,37716.00918654101,65.47806480468888
65.0,142.5,0.8057809600333067,8485.279323757532,27,37611.25507640878,64.34018213023121
65.0,145.0,0.807256667533214,8421.866913016824,27,37500.131505049736,63.21381386986682
65.0,147.5,0.8086814364725695,8360.178531053072,27,37382.468193483015,62.09951746663919
65.0,150.0,0.8100442605625986,8300.70127414852,27,37258.13448804751,60.99783939362149
65.0,152.5,0.811334520475737,8244.086460103641,27,37126.96680572469,59.90931626526025
65.0,155.0,0.8125425542170945,8190.676362974587,27,36988.74848797264,58.834475678380905
65.0,157.5,0.8136590293267632,8140.819153300916,27,36843.6493639878,57.77383685230917
65.0,160.0,0.8146749937633212,8094.8844975802385,27,36691.730264564845,56.72791111729791
65.0,162.5,0.8155829803467016,8053.717632535521,27,36532.67474971317,55.697202286420335
65.0,165.0,0.8163743351581321,8017.133457022697,27,36366.64183569135,54.68220693624136
65.0,167.5,0.8170452554361658,7985.749265859507,27,36193.44709604548,53.68341461457681
65.0,170.0,0.8175885685772774,7959.533990308679,27,36013.65477666391,52.701307988620194
65.0,172.5,0.8180012109908551,7939.153666369766,27,35826.69789646662,51.7363629430707
65.0,175.0,0.8182807018473501,7924.382022134585,27,35633.35139579591,50.78904863523663
65.0,177.5,0.8184228292750978,7915.4113682475945,27,35433.50977058252,49.85982751214025
65.0,180.0,0.8184267409938439,7915.004718151875,27,35426.62885136437,49.76765641490649
65.0,182.5,0.8182929955409336,7923.271687968634,27,35626.64564981172,50.69503795312075
65.0,185.0,0.8180232852721969,7937.34395661857,27,35820.4740505931,51.640558693203815
65.0,187.5,0.8176201155350158,7957.323877194896,27,36007.345563577255,52.603756862020965
65.0,190.0,0.8170846690941749,7982.92065148917,27,36187.52747271047,53.58416397596525
65.0,192.5,0.8164225842934196,8013.731259562774,27,36361.03445944097,54.58130482744736
65.0,195.0,0.8156385281616416,8049.911138917785,27,36527.10453650402,55.59469743380465
65.0,197.5,0.8147387582121641,8090.704137952765,27,36686.46673658327,56.62385294376645
65.0,200.0,0.8137302868655528,8136.019413608592,27,36838.80437711137,57.66827549472533
65.0,202.5,0.8126209830805619,8185.513245228678,27,36984.06080761086,58.727462011485194
65.0,205.0,0.8114186848658176,8238.584157972131,27,37122.365188053576,59.800901933626115
65.0,207.5,0.8101330691232177,8294.913054217817,27,37253.80110908905,60.8880768537561
65.0,210.0,0.8087745306963281,8354.055555140367,27,37378.46800575196,61.98846004214898
65.0,212.5,0.807353361577659,8415.529385877773,27,37496.449260134716,63.1015158237543
65.0,215.0,0.8058804402266041,8478.850856950507,27,37607.75195150217,64.2266987600313
65.0,217.5,0.8043670453334929,8543.503847198328,27,37712.54236586229,65.36345256853939
65.0,220.0,0.8028247469886427,8608.942445882596,27,37811.072486659046,66.51120868463256
65.0,222.5,0.8012654213340167,8674.626601792173,27,37903.57983042486,67.66938432701775
65.0,225.0,0.7997010067725479,8740.048557906412,27,37990.32755492162,68.83737986430994
65.0,227.5,0.7981429827061621,8804.89862495428,27,38070.79979823413,70.0145751795942
65.0,230.0,0.7966029636538129,8868.447037837701,27,38145.65427438333,71.20032457135349
65.0,232.5,0.7950939843081652,8930.100765444804,27,38215.37269774871,72.3939494713452
65.0,235.0,0.7936257903892724,8989.92263700231,27,38278.988065580605,73.59472782932968
65.0,237.5,0.7922106268277508,9046.75226057833,27,38338.00555382017,74.80187827216514
65.0,240.0,0.7908582889343081,9100.726297495421,27,38391.22467150004,76.0145358191923
65.0,242.5,0.7895798031240571,9151.184600984445,27,38439.90375798708,77.23171347214844
65.0,245.0,0.7883839069802621,9197.603362892056,27,38483.46455023438,78.45223920373631
65.0,247.5,0.7872800238234351,9240.05204230547,27,38522.08197337994,79.67464803045058
65.0,250.0,0.7862767840084797,9277.785788116511,27,38556.20977279334,80.89698736843673
65.0,252.5,0.7853810699366064,9310.570431001019,27,38585.48789027729,82.1164433618435
65.0,255.0,0.7845995860117656,9338.304602395045,27,38610.35560690006,83.32856623282353
65.0,257.5,0.7839386549097467,9360.611257568235,27,38630.73218384548,84.52550295458671
65.0,260.0,0.7834030898725914,9377.617836582009,27,38646.612686135806,85.69145133103389
65.0,262.5,0.7829966475679829,9388.841453702888,27,38657.89585010591,86.7891552048172
65.0,265.0,0.7827221546204916,9394.256135619013,27,38664.8377667889,87.7145752831434
65.0,267.5,0.782582294870798,9394.851275594323,27,38667.45240698359,88.17958400840271
65.0,270.0,0.782577789087685,9394.84496934188,27,38667.51743806925,88.183497096025
65.0,272.5,0.7827086584170788,9394.436470137654,27,38665.17283565127,87.7648300848618
65.0,275.0,0.7829740600408471,9389.424453599859,27,38658.5013457587,86.85837424149226
65.0,277.5,0.7833716128783746,9378.62982510122,27,38647.32032021147,85.76772380192216
65.0,280.0,0.7838987202005516,9362.078976204546,27,38631.76221560881,84.60480086206411
65.0,282.5,0.7845516612935846,9339.966778345959,27,38611.83389337943,83.40931244234666
65.0,285.0,0.7853250620786045,9312.50836390393,27,38587.46429613195,82.19790696957176
65.0,287.5,0.7862131895176396,9280.125877757215,27,38558.32251768587,80.97877802231915
65.0,290.0,0.7872096310747126,9242.761776362175,27,38524.44710593217,79.75653113457851
65.0,292.5,0.7883070882751121,9200.698063364383,27,38486.14566552611,78.53405895400454
65.0,295.0,0.7894967802950504,9154.347338806423,27,38442.989989053225,77.31335724039033
65.0,297.5,0.7907704522003953,9104.304319436575,27,38394.62449297265,76.09591622054144
65.0,300.0,0.7921176612632033,9050.436688162816,27,38341.65653887215,74.88292349734871
65.0,302.5,0.7935295413096743,8993.816133236163,27,38283.11789665091,73.67537613174723
65.0,305.0,0.7949936446457601,8934.208151825296,27,38219.65260830247,72.47414587293908
65.0,307.5,0.7965013273188863,8872.682945401903,27,38150.51509164701,71.28001881516751
65.0,310.0,0.7980393324827221,8809.012460059712,27,38076.10232390724,70.09372041375939
65.0,312.5,0.7995957131710277,8744.473289303627,27,37995.802456639285,68.91593177138913
65.0,315.0,0.8011604604432148,8679.089606718582,27,37909.60251424978,67.74730053339603
65.0,317.5,0.8027207321021994,8613.320537559921,27,37817.538542176655,66.58844835102593
65.0,320.0,0.8042644812534953,8547.76944257575,27,37719.445633494455,65.4399761005799
65.0,322.5,0.8057799897599879,8483.174229393568,27,37614.91979313322,64.30246760023057
65.0,325.0,0.8072558778225809,8419.807634048491,27,37504.02681055742,63.17649229971914
65.0,327.5,0.8086808121114268,8358.186623367728,27,37386.59497167829,62.06260725438499
65.0,330.0,0.8100438106411298,8298.797096684335,27,37262.49207416782,60.96135859180015
65.0,332.5,0.8113342773430035,8242.228280328287,27,37131.49229561757,59.873282612772975
65.0,335.0,0.8125423952017254,8188.946814731491,27,36993.50286123808,58.79890662472026
65.0,337.5,0.8136589168997784,8139.234125708863,27,36848.62687122685,57.73874957606253
65.0,340.0,0.8146748798934549,8093.450321017823,27,36696.923468795765,56.69332254028431
65.0,342.5,0.8155828725054552,8052.410264755781,27,36538.030869508875,55.66312908443649
65.0,345.0,0.8163745931546421,8016.010878151137,27,36372.37921223437,54.64866554712165
65.0,347.5,0.8170453150375849,7984.78372524149,27,36199.33668884591,53.650421244078586
65.0,350.0,0.8175887668323404,7958.771154989794,27,36019.72018275445,52.66887861450506
65.0,352.5,0.8180014554720358,7938.568528679491,27,35833.07737464669,51.70451331765166
65.0,355.0,0.8182808800428792,7923.982876907183,27,35639.8502145379,50.75779428658509
65.0,357.5,0.8184227831461346,7915.203642854802,27,35440.297240272965,49.8291837440931
67.5,0.0,0.8211045006098939,7784.725747007178,27,35513.169826600235,51.50461334983438
67.5,2.5,0.8210008375956557,7791.148643260356,27,35689.268049541395,52.38073603884115
67.5,5.0,0.8207908865130383,7802.584759281483,27,35860.064722704235,53.273758867093456
67.5,7.5,0.8204744992762995,7818.111192469951,27,36025.61919331481,54.18320641484654
67.5,10.0,0.8200570750623073,7838.250165647129,27,36185.5389436828,55.108591889968444
67.5,12.5,0.819540451224505,7862.573181786109,27,36340.13687637076,56.049416391533306
67.5,15.0,0.8189277893616717,7890.811903301859,27,36488.984699591994,57.00516799067999
67.5,17.5,0.8182245626636032,7922.963340845192,27,36631.77777780988,57.97532058809774
67.5,20.0,0.8174366532214165,7958.474885002943,27,36768.86713502603,58.95933249565017
67.5,22.5,0.8165703144587675,7997.149478546577,27,36900.16965812165,59.95664467387454
67.5,25.0,0.8156316735364493,8038.811144664418,27,37025.64219582523,60.96667853591898
67.5,27.5,0.8146275419813466,8082.977624763735,27,37145.28135808138,61.98883319981418
67.5,30.0,0.813566021748383,8129.293197195046,27,37259.12266850867,63.022482031788755
67.5,32.5,0.8124562436758522,8177.370632044971,27,37367.21440203837,64.06696826921743
67.5,35.0,0.8113057044870648,8227.056142841699,27,37469.43973833672,65.12159943621502
67.5,37.5,0.8101227731648455,8277.646480659023,27,37566.12368990434,66.18564015809591
67.5,40.0,0.8089179429859945,8328.673711478477,27,37657.43762969202,67.25830282808836
67.5,42.5,0.8076999740435418,8380.153449121397,27,37743.57814508211,68.33873535801737
67.5,45.0,0.8064766841295113,8431.447949576657,27,37823.793254697,69.4260049184739
67.5,47.5,0.8052593784683858,8482.09895550902,27,37899.05449355324,70.51907608661772
67.5,50.0,0.8040561710635236,8531.702758756,27,37969.42894114717,71.61678107971377
67.5,52.5,0.8028763256587795,8580.113816160941,27,38034.26838528365,72.71777860949554
67.5,55.0,0.801729173441455,8626.677945543546,27,38094.768356571905,73.82049609548334
67.5,57.5,0.8006225695534723,8671.137094415259,27,38149.79661263246,74.92304709840215
67.5,60.0,0.7995659982953942,8713.216684104642,27,38200.565290550934,76.0231111444147
67.5,62.5,0.7985664285046365,8752.32984490809,27,38246.44214765588,77.11775533222144
67.5,65.0,0.7976314825624012,8788.708029073663,27,38287.67823489895,78.2031640316612
67.5,67.5,0.7967688279410846,8821.646324355155,27,38324.65485874587,79.27422081484949
67.5,70.0,0.7959841532898233,8850.842657572823,27,38357.03296855558,80.32384948286618
67.5,72.5,0.7952838838217704,8876.118033102015,27,38385.03352291859,81.34196092694171
67.5,75.0,0.7946732694665453,8897.667869439116,27,38408.75706276973,82.31376790625026
67.5,77.5,0.7941566546484577,8914.899803732289,27,38428.18646740052,83.21716294616522
67.5,80.0,0.793737536933036,8927.782391391695,27,38443.28136995365,84.0190302691392
67.5,82.5,0.7934197689800923,8936.25335627445,27,38454.23102520662,84.67153991404244
67.5,85.0,0.7932053232064215,8940.154133238364,27,38461.027515157126,85.11307711810196
67.5,87.5,0.7930958320592211,8940.404718710924,27,38463.81424979132,85.2831216332525
67.5,90.0,0.7930923293401498,8940.429666124983,27,38463.97052118028,85.28380641625843
67.5,92.5,0.7931947899406815,8940.263575624162,27,38461.3992599277,85.13351228983805
67.5,95.0,0.7934021917653368,8936.681485337172,27,38454.90571516099,84.70843162184563
67.5,97.5,0.7937132021951803,8928.553674965842,27,38444.25776606919,84.06801379929689
67.5,100.0,0.79412528014914,8915.898700798749,27,38429.32555317717,83.27447568420205
67.5,102.5,0.7946355912185575,8899.03360072009,27,38410.07496282774,82.37669774058398
67.5,105.0,0.7952400598694442,8877.778592573286,27,38386.652286916695,81.40868022655046
67.5,107.5,0.7959347217318542,8852.568829354179,27,38359.07785861456,80.39314215816543
67.5,110.0,0.7967138123839304,8823.642359328704,27,38327.02978714017,79.34526694813091
67.5,112.5,0.7975714820663711,8790.987532993291,27,38290.25303698535,78.27539694762254
67.5,115.0,0.7985016743156901,8754.912271778692,27,38249.309104378204,77.1907716657195
67.5,117.5,0.79949703622626,8715.836457286936,27,38203.814120992014,76.09661477304039
67.5,120.0,0.8005504470903393,8674.018618870745,27,38153.33259442955,74.9968138605427
67.5,122.5,0.8016534732425566,8629.555212207404,27,38098.53010325288,73.8943512040678
67.5,125.0,0.8027987218885578,8583.342339739876,27,38038.47671590505,72.79158189971395
67.5,127.5,0.803976167763403,8534.911857262436,27,37973.87222283444,71.6904171722319
67.5,130.0,0.8051782991047248,8485.485471631448,27,37903.929183302665,70.59244769497955
67.5,132.5,0.8063953626784427,8434.862550011629,27,37829.070849527954,69.4990282079208
67.5,135.0,0.8076176881158326,8383.558622597058,27,37748.97628040172,68.4113366689919
67.5,137.5,0.8088365334735419,8332.275857323184,27,37663.36157143362,67.33041632458617
67.5,140.0,0.8100432725654887,8281.0501242869,27,37572.44628787447,66.25720611385442
67.5,142.5,0.8112274608357248,8230.248968079322,27,37476.15906486378,65.19256296806276
67.5,145.0,0.8123802000965894,8180.620770054469,27,37374.26125843107,64.13727838874034
67.5,147.5,0.8134936661774477,8132.369551611082,27,37266.628391637045,63.0920909268491
67.5,150.0,0.814558532433951,8085.87543072824,27,37153.13702649389,62.05769568426748
67.5,152.5,0.8155661576712052,8041.474896542659,27,37033.92259933236,61.034751623958535
67.5,155.0,0.8165092466560603,7999.808682932078,27,36908.94281053265,60.02388724781007
67.5,157.5,0.8173811805348503,7960.975923836362,27,36777.97960317272,59.02570504451867
67.5,160.0,0.8181750698930381,7925.253148486467,27,36641.214665921856,58.04078500054663
67.5,162.5,0.8188836968378641,7892.887395076243,27,36498.60672611518,57.06968738986279
67.5,165.0,0.819501560582288,7864.184165236966,27,36350.28077247713,56.11295500285535
67.5,167.5,0.8200252716885322,7839.842697230884,27,36196.08050997401,55.171114934773755
67.5,170.0,0.8204502473536586,7819.464553898881,27,36036.41287250868,54.2446800247933
67.5,172.5,0.82077303763684,7803.3665380735765,27,35871.45475818512,53.334150015195085
67.5,175.0,0.8209893849555057,7791.892507940451,27,35700.740351865796,52.44001248406827
67.5,177.5,0.8211015072691573,7785.036378769411,27,35525.18335815378,51.562743592866966
67.5,180.0,0.8211044283197932,7784.594198981766,27,35519.10140788439,51.47571503567858
67.5,182.5,0.8210007598456298,7790.860454225913,27,35695.11401688843,52.35126650952822
67.5,185.0,0.8207909452660651,7802.134887072258,27,35865.60395630612,53.24373377628635
67.5,187.5,0.8204745209019716,7817.521349559305,27,36031.05124773341,54.152641784327294
67.5,190.0,0.8200570586824848,7837.525938697159,27,36190.813478422584,55.077504131422224
67.5,192.5,0.819540553946,7861.679169748211,27,36345.24250199832,56.01782233383297
67.5,195.0,0.8189278337267277,7889.8269295291975,27,36493.787647448014,56.97308491385799
67.5,197.5,0.8182245184775971,7921.848866599612,27,36636.39592290879,57.94276626553161
67.5,200.0,0.8174365524267168,7957.241284981603,27,36773.293178812135,58.926325246439596
67.5,202.5,0.8165701255771134,7995.790486124577,27,36904.39765165397,59.92320342799084
67.5,205.0,0.815631466708164,8037.358824283816,27,37029.66758005391,60.93282291552052
67.5,207.5,0.8146273302971182,8081.446873425739,27,37149.1009810823,61.95458362122586
67.5,210.0,0.8135657483484943,8127.700319595868,27,37262.734777566744,62.98785983416061
67.5,212.5,0.8124557064957925,8175.72982658376,27,37370.643241387326,64.03199587798306
67.5,215.0,0.8113051141758998,8225.373145759106,27,37472.802335769404,65.08630057242678
67.5,217.5,0.8101220884146966,8275.956803779583,27,37569.278877891134,66.1500401089128
67.5,220.0,0.8089169656634673,8326.98850977351,27,37660.38827922684,67.22242879974073
67.5,222.5,0.8076988597859459,8378.400378313148,27,37746.25541955209,68.30261694139735
67.5,225.0,0.806475532693617,8429.748165746685,27,37826.413618821185,69.38967471057813
67.5,227.5,0.8052580037537564,8480.449204312637,27,37901.478431767784,70.4825705307439
67.5,230.0,0.8040547522811721,8530.024758237181,27,37971.663430923596,71.58014161741431
67.5,232.5,0.8028747087243425,8578.552848387975,27,38036.36997729028,72.68105328414988
67.5,235.0,0.8017273922292334,8625.123201122973,27,38096.584148878464,73.78374182161198
67.5,237.5,0.800620683004484,8669.710395181552,27,38151.5835485626,74.88633293070907
67.5,240.0,0.7995641089241926,8711.830386920134,27,38202.17395291291,75.98652307750115
67.5,242.5,0.7985642154841324,8751.053201613482,27,38247.92480208655,77.08140349081125
67.5,245.0,0.7976293758271319,8787.563793398906,27,38289.02986243437,78.16719366700812
67.5,247.5,0.7967666277831885,8820.594064770266,27,38325.73251303192,79.23882946481496
67.5,250.0,0.7959817592880976,8849.89907683502,27,38357.97916674893,80.28931422058766
67.5,252.5,0.7952815213009867,8875.32766212523,27,38385.96658460121,81.30868206015998
67.5,255.0,0.7946707812914703,8897.063378177118,27,38409.56156051601,82.28233851121217
67.5,257.5,0.7941541205140005,8914.402614976512,27,38428.727016928606,83.18847411546463
67.5,260.0,0.7937349970243397,8927.46044306364,27,38443.69408686366,83.99440643230174
67.5,262.5,0.7934172120174835,8936.065541902324,27,38454.51607839437,84.65282840936244
67.5,265.0,0.7932026321123553,8940.112502051285,27,38461.18502501701,85.10244916162713
67.5,267.5,0.7930932477220365,8940.400241744588,27,38463.764506462845,85.28227071238996
67.5,270.0,0.7930897157424194,8940.421500261175,27,38463.910655298794,85.28363684793183
67.5,272.5,0.7931921217474729,8940.199051210191,27,38461.50332988036,85.12349851389702
67.5,275.0,0.7933996684076225,8936.470805003933,27,38455.13743201156,84.69019411398757
67.5,277.5,0.7937106783884696,8928.208913432267,27,38444.61731606467,84.04372444833089
67.5,280.0,0.7941229269304032,8915.431892890709,27,38429.94744041896,83.24601509898677
67.5,282.5,0.7946331457220009,8898.406290246596,27,38410.82570085293,82.34542392321025
67.5,285.0,0.7952376223697784,8877.055944315609,27,38387.53196319091,81.3755087778107
67.5,287.5,0.7959323831453767,8851.668758734158,27,38360.08653315622,80.35868224472357
67.5,290.0,0.796711598055121,8822.566301986619,27,38328.19549315699,79.30992912100652
67.5,292.5,0.7975692402113499,8789.847466224666,27,38291.55068146014,78.23946480459233
67.5,295.0,0.7984995281031727,8753.706341514233,27,38250.73844888246,77.15444695974585
67.5,297.5,0.7994950939345131,8714.46097858801,27,38205.41354739203,76.06004553283763
67.5,300.0,0.8005485946549428,8672.588073769715,27,38155.06581730685,74.96011208136784
67.5,302.5,0.8016517576111508,8628.055768666316,27,38100.54727336591,73.85760416859952
67.5,305.0,0.802797003944857,8581.7564731132,27,38040.52467735606,72.75485956933296
67.5,307.5,0.8039746287854617,8533.303536126317,27,37976.20782972991,71.65377711346792
67.5,310.0,0.805176932681716,8483.810345339327,27,37906.300053653715,70.55593842991817
67.5,312.5,0.806393955567297,8433.136964155274,27,37831.637845334335,69.46269153672364
67.5,315.0,0.8076166779959509,8381.869239404092,27,37751.801327295274,68.37520930889025
67.5,317.5,0.8088355681984203,8330.574031066004,27,37666.26016837367,67.29453108582362
67.5,320.0,0.8100425918163044,8279.334068240358,27,37575.54960717106,66.22159275639754
67.5,322.5,0.8112267310840081,8228.54693763738,27,37479.47015955713,65.15724883459022
67.5,325.0,0.8123796353677937,8178.956574307325,27,37377.84740821872,64.10228887842763
67.5,327.5,0.8134932208973734,8130.82221342234,27,37270.263254755075,63.05744985422983
67.5,330.0,0.8145581722533863,8084.38639173712,27,37156.976532930465,62.02342555402344
67.5,332.5,0.8155658266606125,8040.078763971229,27,37037.96509290858,61.000873843434086
67.5,335.0,0.8165090817093881,7998.440770900466,27,36913.12390681995,59.99042229285001
67.5,337.5,0.8173811757676134,7959.715035071211,27,36782.35992031496,58.992672589929406
67.5,340.0,0.8181750199068399,7924.111318547548,27,36645.78835129744,58.008204023457594
67.5,342.5,0.8188836793803386,7891.875005016671,27,36503.489439252284,57.03757625211447
67.5,345.0,0.8195016908142196,7863.33042424648,27,36355.39147092811,56.08133151699044
67.5,347.5,0.8200253309029938,7839.091023510788,27,36201.31448887683,55.139996417083296
67.5,350.0,0.8204504107996103,7818.8673767868095,27,36041.805954067706,54.21408333803989
67.5,352.5,0.820773041140022,7802.889101574634,27,35876.95663994829,53.304091603022506
67.5,355.0,0.8209895760253703,7791.602954011505,27,35706.55043635207,52.41050839864676
67.5,357.5,0.8211014108385554,7784.877294805119,27,35531.0808071995,51.53380951697805
70.0,0.0,0.8233966411633858,7673.587824663147,27,35591.61526501598,53.09485734466236
70.0,2.5,0.8233175586027897,7678.802345159929,27,35744.71156048472,53.910330180293776
70.0,5.0,0.8231564117623495,7687.159711810527,27,35893.94664826291,54.741029697602364
70.0,7.5,0.8229150698824391,7699.25074279774,27,36038.902476326795,55.5864381547982
70.0,10.0,0.822595270342469,7714.582645635353,27,36179.514454815304,56.44601841528464
70.0,12.5,0.8221996889461278,7733.247912198072,27,36315.716482384596,57.31921201851092
70.0,15.0,0.8217310451891204,7754.742448392324,27,36447.34910716093,58.20543685107384
70.0,17.5,0.8211932987363983,7779.296377116581,27,36574.284518672386,59.10408433056568
70.0,20.0,0.8205904100908169,7806.326083075488,27,36696.427303164266,60.01451599164791
70.0,22.5,0.8199271942295108,7836.0489583285525,27,36813.71482425672,60.93605933396867
70.0,25.0,0.8192084125990428,7867.780136824818,27,36926.11718528671,61.86800275256831
70.0,27.5,0.8184399361691778,7901.713666251395,27,37033.636736683315,62.80958932025151
70.0,30.0,0.8176275415590725,7937.1175640260335,27,37136.30710112699,63.76000912381332
70.0,32.5,0.8167773949194894,7974.081837265287,27,37234.15271407738,64.71838976616716
70.0,35.0,0.8158962359387155,8011.951667332789,27,37326.95904018078,65.68378452628346
70.0,37.5,0.814991194394779,8050.5685389270075,27,37415.132109786384,66.65515750723995
70.0,40.0,0.8140683360374724,8089.95095829037,27,37498.57985896664,67.63136488411696
70.0,42.5,0.8131348060014308,8129.319091262994,27,37577.03968264465,68.61113106648926
70.0,45.0,0.8121985262157558,8168.418976085959,27,37651.02779948944,69.59301818535192
70.0,47.5,0.8112657691020179,8207.45885057631,27,37720.4234833892,70.57538676142633
70.0,50.0,0.8103437385190029,8245.424946116516,27,37785.01172224386,71.55634465804567
70.0,52.5,0.8094402113840715,8282.537141371053,27,37845.43147467892,72.53368040088262
70.0,55.0,0.8085608531988817,8318.076957584592,27,37901.07385083148,73.5047755840733
70.0,57.5,0.8077132463261912,8352.307305252878,27,37952.57725309604,74.46648931549491
70.0,60.0,0.8069033158893181,8384.419417342171,27,37999.72010729695,75.4150054908401
70.0,62.5,0.8061369219881942,8414.514588882681,27,38042.41204685648,76.34563134659092
70.0,65.0,0.8054208956416251,8442.270503192674,27,38081.124915161636,77.25253398004571
70.0,67.5,0.8047596207594879,8467.356250256067,27,38115.560176013736,78.12840230600351
70.0,70.0,0.8041580609792325,8489.65639628144,27,38145.93776316033,78.96402971635685
70.0,72.5,0.8036215763047488,8509.062185866293,27,38172.24718543724,79.74783657256006
70.0,75.0,0.80315333451639,8525.542950698407,27,38194.44152425253,80.46540726633037
70.0,77.5,0.8027572495233345,8538.649102009367,27,38212.61991097382,81.09922379996736
70.0,80.0,0.8024359209375259,8548.339939070167,27,38226.89660955011,81.62894094878605
70.0,82.5,0.8021923832543704,8554.710579050472,27,38237.2562458911,82.03269878109933
70.0,85.0,0.8020280706562406,8557.59156168392,27,38243.68790173088,82.28988674354378
70.0,87.5,0.8019441721447701,8557.712345442931,27,38246.19258833153,82.38514663122525
70.0,90.0,0.8019414829545579,8557.769143327605,27,38246.28714169157,82.38552579718551
70.0,92.5,0.8020199369038985,8557.649759771291,27,38244.03810788249,82.30144989434282
70.0,95.0,0.8021788161822305,8555.01716809046,27,38237.88973243025,82.05470885616708
70.0,97.5,0.8024172855839018,8548.890357089771,27,38227.81215418338,81.6601570370906
70.0,100.0,0.8027334420732898,8539.352264654986,27,38213.81572467873,81.13818712571228
70.0,102.5,0.8031245221107375,8526.5566245365,27,38195.86787702699,80.51067885740731
70.0,105.0,0.8035877372047949,8510.378104828578,27,38173.74260413804,79.7981344990293
70.0,107.5,0.8041202522620975,8491.113442446738,27,38147.71051963183,79.0182786417109
70.0,110.0,0.8047173922453551,8468.816692980108,27,38117.80291896312,78.18573009607174
70.0,112.5,0.805374705266309,8444.053306019177,27,38083.62290968068,77.31224485838743
70.0,115.0,0.8060875765924387,8416.508870115202,27,38045.066567417016,76.40717312269908
70.0,117.5,0.8068506884502478,8386.39596164284,27,38002.667487334664,75.47793902065034
70.0,120.0,0.8076578307435034,8354.435927847633,27,37955.84874190553,74.53046299439714
70.0,122.5,0.8085032113834466,8320.451159533179,27,37904.6041612023,73.56950515509732
70.0,125.0,0.8093804345715493,8284.835295869907,27,37849.349314754465,72.59893340027064
70.0,127.5,0.8102826888833167,8247.991294571188,27,37789.1498731551,71.62192858811056
70.0,130.0,0.8112035556878373,8209.964073588155,27,37724.92424894286,70.6411401402442
70.0,132.5,0.8121356840542863,8171.2146134125105,27,37655.763234780665,69.6588037721825
70.0,135.0,0.813072281596344,8131.965141999623,27,37582.136214772385,68.67683071750459
70.0,137.5,0.8140060377592355,8092.411609866544,27,37504.11977220795,67.69687562636089
70.0,140.0,0.814929654047182,8053.346276843244,27,37420.800495759526,66.72038852396699
70.0,142.5,0.815836280649024,8014.526323518439,27,37332.98058314242,65.74865482658265
70.0,145.0,0.81671959678441,7976.5445962188605,27,37240.524325147984,64.78282637100173
70.0,147.5,0.8175717895857211,7939.502907605423,27,37143.212064476524,63.82394564414517
70.0,150.0,0.8183869335175026,7903.885402033851,27,37040.71484652575,62.872964834811924
70.0,152.5,0.8191582509793067,7870.028360410008,27,36933.41657574469,61.93076091620082
70.0,155.0,0.8198805468645809,7838.074725213188,27,36821.29582841649,60.99814766462953
70.0,157.5,0.8205476803282459,7808.281214499009,27,36704.34595287836,60.075885296806085
70.0,160.0,0.821155038834511,7780.916119571026,27,36582.591939723425,59.16468824312618
70.0,162.5,0.8216969908971407,7756.235149066011,27,36456.09103280066,58.26523145194149
70.0,165.0,0.8221707404896388,7734.528703689255,27,36324.74098823924,57.37815552815724
70.0,167.5,0.8225708363643882,7715.780252878161,27,36188.78642024097,56.504070940638954
70.0,170.0,0.8228962813242111,7700.2469095725355,27,36048.404352038226,55.64356148078876
70.0,172.5,0.8231426264415552,7687.905198500372,27,35903.783741722844,54.797187114969674
70.0,175.0,0.8233092226430124,7679.163229980084,27,35754.961711553464,53.965486343061826
70.0,177.5,0.8233941268701197,7673.971918084757,27,35601.90338100839,53.14897815201747
70.0,180.0,0.823396631764257,7673.50860944856,27,35596.78988229716,53.06795166333109
70.0,182.5,0.8233174817147371,7678.574620108586,27,35749.69760846067,53.88290840357514
70.0,185.0,0.8231563308915775,7686.785888787126,27,35898.81074607163,54.71310876360051
70.0,187.5,0.8229151416398284,7698.816757020075,27,36043.68232477619,55.55803561871297
70.0,190.0,0.8225952734655844,7714.01240710821,27,36184.15386470244,56.41715250766948
70.0,192.5,0.8221997947107406,7732.578942920081,27,36320.20641324646,57.28990171556531
70.0,195.0,0.8217309279045287,7753.949979842175,27,36451.68148198887,58.17570195955463
70.0,197.5,0.821193476381376,7778.418739733985,27,36578.452285273466,59.07394559057041
70.0,200.0,0.8205902824932371,7805.342591486406,27,36700.42448380939,59.98399520139144
70.0,202.5,0.8199270777977525,7834.9993320568465,27,36817.536551529774,60.905179501799836
70.0,205.0,0.8192082400307633,7866.648208891042,27,36929.75972228823,61.83678828295044
70.0,207.5,0.8184398292888594,7900.538316095015,27,37037.097480066586,62.77806624237166
70.0,210.0,0.8176272476120675,7935.884848597227,27,37139.58456589305,63.72820537405868
70.0,212.5,0.8167770250072263,7972.835508981021,27,37237.28548648697,64.6863355391365
70.0,215.0,0.8158958676067071,8010.67766491673,27,37330.02793573751,65.65151271360128
70.0,217.5,0.8149903365078395,8049.312984952936,27,37418.0171599749,66.62270424964207
70.0,220.0,0.814067813031924,8088.613061092794,27,37501.19630554924,67.59877027068559
70.0,222.5,0.8131339842520425,8127.999860151671,27,37579.62962260423,68.57844002635957
70.0,225.0,0.8121974033241789,8167.168702644529,27,37653.437570466194,69.56028163283358
70.0,227.5,0.811264800316105,8206.167524561286,27,37722.6198489801,70.54266307681115
70.0,230.0,0.8103425493609065,8244.202795004472,27,37787.12702845782,71.52370161539164
70.0,232.5,0.8094390373500429,8281.30189085938,27,37847.27621925133,72.50119769317237
70.0,235.0,0.8085593789338831,8316.944404181791,27,37902.89777393313,73.4725481478139
70.0,237.5,0.8077119126900185,8351.191150745377,27,37954.23138330295,74.43463172247885
70.0,240.0,0.8069016955766996,8383.333204922033,27,38001.151914148126,75.38365775188714
70.0,242.5,0.806135390032941,8413.582182992483,27,38043.82875793427,76.31496654721532
70.0,245.0,0.8054191957066665,8441.399418592686,27,38082.27710446832,77.22276820161929
70.0,247.5,0.8047577111054574,8466.512170975795,27,38116.588690146804,78.09980718156174
70.0,250.0,0.8041563224174322,8488.953629659023,27,38146.957105639856,78.93694751831816
70.0,252.5,0.8036196677801907,8508.496858487604,27,38173.14316473319,79.72269652939957
70.0,255.0,0.8031513934288721,8525.07419081009,27,38195.08131378051,80.44273922648925
70.0,257.5,0.8027551364724177,8538.256621314678,27,38213.13774338015,81.07966080285769
70.0,260.0,0.8024338377793764,8548.068387311185,27,38227.29238898028,81.61319631038243
70.0,262.5,0.8021903730983346,8554.566111437744,27,38237.52991352277,82.02150031480514
70.0,265.0,0.8020259862115979,8557.557953605196,27,38243.83942044014,82.28386072565443
70.0,267.5,0.8019420796297102,8557.715360315357,27,38246.214236558415,82.3846754238749
70.0,270.0,0.8019393970182165,8557.760155464173,27,38246.290494728746,82.38543191017287
70.0,272.5,0.8020178768915774,8557.590198550017,27,38244.136718108915,82.29578749286696
70.0,275.0,0.8021768465612453,8554.846802238717,27,38238.11058818924,82.0438394847554
70.0,277.5,0.8024151495540364,8548.619907751206,27,38228.15527950386,81.6446952139993
70.0,280.0,0.8027313761464703,8538.933880884848,27,38214.2811221478,81.11885808010744
70.0,282.5,0.8031226301100927,8526.062076233495,27,38196.50288489372,80.48819952646616
70.0,285.0,0.8035859569267416,8509.817981747052,27,38174.58727440494,79.77314439491923
70.0,287.5,0.8041183136160033,8490.447021084161,27,38148.67751004497,78.99131460682295
70.0,290.0,0.8047155028822869,8467.996088280946,27,38118.89179919644,78.15722769163187
70.0,292.5,0.805373108805642,8443.15586379575,27,38084.85218585911,77.28255161903824
70.0,295.0,0.8060859809440211,8415.550168448353,27,38046.43075021969,76.37656486103168
70.0,297.5,0.8068490604680428,8385.390227918651,27,38004.15428892258,75.44663506097733
70.0,300.0,0.8076564032379141,8353.292848053963,27,37957.497722731,74.49863891165869
70.0,302.5,0.8085018702673562,8319.291816216406,27,37906.37613181945,73.53730286535546
70.0,305.0,0.8093793155802517,8283.572666485197,27,37851.290944556094,72.56646893603816
70.0,307.5,0.810281598581586,8246.741946390903,27,37791.21353772156,71.58929801116486
70.0,310.0,0.8112025368238704,8208.645078069836,27,37727.163726793864,70.60842401623599
70.0,312.5,0.8121347413300125,8169.93688985044,27,37658.122069651814,69.62607055730663
70.0,315.0,0.8130715825247852,8130.6504340625615,27,37584.67509044628,68.6441393299019
70.0,317.5,0.8140052238569631,8091.075971033926,27,37506.78045236286,67.66427740832606
70.0,320.0,0.8149290957580759,8052.062700846422,27,37423.63579520863,66.68792874843882
70.0,322.5,0.8158358100665039,8013.2539115589025,27,37335.99999066787,65.71637386150613
70.0,325.0,0.8167192577382345,7975.269705654777,27,37243.72927055838,64.75076058552554
70.0,327.5,0.8175714621561115,7938.270502993873,27,37146.4415058169,63.792128118836764
70.0,330.0,0.8183865554131818,7902.753624618461,27,37044.200598913165,62.841425922117914
70.0,332.5,0.8191580997083905,7868.964293742247,27,36937.081794753845,61.89952868569143
70.0,335.0,0.8198804524797326,7837.062307253182,27,36825.13800007871,60.967248258982444
70.0,337.5,0.8205475182199334,7807.361023178237,27,36708.36146054543,60.045343218154464
70.0,340.0,0.8211550414773576,7780.069493226671,27,36586.77606213959,59.13452658470356
70.0,342.5,0.8216970892716684,7755.4437875631265,27,36460.39949765398,58.23547208645946
70.0,345.0,0.8221706977222382,7733.830488357889,27,36329.189502130415,57.34881926172864
70.0,347.5,0.8225709961865384,7715.212919187441,27,36193.38566771016,56.47517763908086
70.0,350.0,0.8228961500370026,7699.78363504733,27,36053.14534064084,55.61513017363712
70.0,352.5,0.8231426753958121,7687.583204011273,27,35908.65657729567,54.76923608139036
70.0,355.0,0.8233092516393428,7678.906157063422,27,35759.91160778368,53.93803318296116
70.0,357.5,0.8233942221743246,7673.863368426457,27,35607.12787292662,53.12203984497388
72.5,0.0,0.8253424561146434,7579.790168418782,27,35656.13058117218,54.551027979502116
72.5,2.5,0.8252834113076389,7583.539357057074,27,35787.91080586263,55.29625543840348
72.5,5.0,0.8251635819779588,7589.893048800295,27,35916.51331830234,56.05460098241348
72.5,7.5,0.8249839364834686,7598.800918815192,27,36041.92609117157,56.825484347313534
72.5,10.0,0.8247457977591462,7610.13704210869,27,36163.97909571603,57.608296409773885
72.5,12.5,0.824451085140649,7624.027592428727,27,36282.52687018225,58.40239605065477
72.5,15.0,0.8241021127719236,7640.099075505277,27,36397.44921909901,59.20710644852126
72.5,17.5,0.8237016411272733,7658.218593814643,27,36508.651677068556,60.02171069203823
72.5,20.0,0.8232527417262901,7678.340027577709,27,36616.06570663443,60.84544657520379
72.5,22.5,0.8227588034348049,7700.367509939009,27,36719.468459232245,61.677500408806154
72.5,25.0,0.8222234895147805,7724.102702345233,27,36818.863412236795,62.5169996436499
72.5,27.5,0.8216510187671514,7749.2424632974435,27,36914.143638829,63.36300405431726
72.5,30.0,0.8210456043145871,7775.61355508049,27,37005.5072655878,64.21449517452828
72.5,32.5,0.8204121853986546,7803.044918011874,27,37092.83401326323,65.0703636043038
72.5,35.0,0.8197560855564485,7831.223719686503,27,37176.05359403044,65.92939372275166
72.5,37.5,0.8190813316391924,7860.190794188995,27,37255.09980581282,66.79024523619464
72.5,40.0,0.8183930544830117,7889.328901635949,27,37330.11853250163,67.65143086816845
72.5,42.5,0.8176979444827375,7918.61024011788,27,37401.146002466325,68.51128935620724
72.5,45.0,0.8169996078382685,7947.9133698283695,27,37468.05138875125,69.36795276524202
72.5,47.5,0.8163044342327695,7976.697782089468,27,37530.93865859695,70.2193069720397
72.5,50.0,0.8156170774812479,8005.196454435121,27,37589.8282621589,71.06294404754627
72.5,52.5,0.8149431359971261,8032.709548296407,27,37644.747819982935,71.89610521855946
72.5,55.0,0.8142871976409597,8059.369859481929,27,37695.65203120932,72.71561322501877
72.5,57.5,0.8136552042831494,8084.777984027751,27,37742.70215027081,73.51779337294207
72.5,60.0,0.8130508462787025,8108.5302408279385,27,37785.92240200401,74.29838369075088
72.5,62.5,0.8124797822938508,8131.102304971777,27,37825.333865908906,75.05243675032892
72.5,65.0,0.8119453123971699,8151.807581549976,27,37860.74752233806,75.77421950594989
72.5,67.5,0.811451836547498,8170.333240420558,27,37892.6134837009,76.4571236476837
72.5,70.0,0.8110032224205058,8186.984491632786,27,37920.62660748488,77.09360805666488
72.5,72.5,0.8106029979552303,8201.457373687066,27,37944.894019851694,77.67520684368188
72.5,75.0,0.8102534069481112,8213.667705440428,27,37965.35227926681,78.1926490636349
72.5,77.5,0.8099578985832497,8223.419528695755,27,37982.21854128339,78.63614381737167
72.5,80.0,0.8097181895815297,8230.608108403627,27,37995.46971017658,78.99587667214065
72.5,82.5,0.8095364004338155,8235.22584366845,27,38005.08791141189,79.26272732943475
72.5,85.0,0.8094139141409933,8237.264935450628,27,38011.06032059458,79.42914805778238
72.5,87.5,0.8093514023852704,8237.427514960407,27,38013.379033023724,79.49005275156475
72.5,90.0,0.8093493374684525,8237.417216634727,27,38013.442626437754,79.49029436043733
72.5,92.5,0.8094077828372118,8237.244695241901,27,38011.38430504597,79.43656257367513
72.5,95.0,0.8095263587114794,8235.34622698482,27,38005.67166462427,79.27708084939671
72.5,97.5,0.8097042710903344,8230.908591034731,27,37996.31207381644,79.01674242134261
72.5,100.0,0.8099401710695092,8223.94592847631,27,37983.31782141431,78.6629569241145
72.5,102.5,0.8102320521198432,8214.439991011244,27,37966.70624729355,78.2247679273057
72.5,105.0,0.8105778187174077,8202.398045529371,27,37946.35377979887,77.71196811866486
72.5,107.5,0.810974832374948,8188.119391628061,27,37922.23207519743,77.13436801920514
72.5,110.0,0.8114202538099528,8171.470526430454,27,37894.534709894215,76.50128445544674
72.5,112.5,0.811911167303036,8153.0615262716565,27,37863.15424141282,75.82124251984666
72.5,115.0,0.8124426029269339,8132.5177420268665,27,37827.74241250445,75.10184648362001
72.5,117.5,0.813011430884229,8110.2473498152285,27,37788.57322724971,74.34976584930888
72.5,120.0,0.8136139170309402,8086.352383910929,27,37745.90523141448,73.57078969418093
72.5,122.5,0.8142443337183509,8061.10861180272,27,37698.85549025152,72.7699149607536
72.5,125.0,0.8148985469800398,8034.388124092846,27,37648.21392404,71.9514463887586
72.5,127.5,0.8155713982811219,8007.022264232717,27,37593.580945986614,71.11909507956821
72.5,130.0,0.816257868016444,7978.62688468735,27,37534.90894045106,70.276069010117
72.5,132.5,0.8169528976627057,7949.845705501251,27,37472.34289094299,69.42515273976385
72.5,135.0,0.8176510797436831,7920.451717400389,27,37405.71662523704,68.56877579647366
72.5,137.5,0.8183469102696915,7891.256864378298,27,37334.93128377288,67.70907039142212
72.5,140.0,0.81903569845636,7862.007147462133,27,37260.435259641206,66.84791962664393
72.5,142.5,0.8197111791602425,7833.1714402618745,27,37181.362891707366,65.98699751232972
72.5,145.0,0.8203688712201745,7804.9944100040375,27,37098.45065298327,65.12780207332895
72.5,147.5,0.8210042218673345,7777.469203855078,27,37011.6203350306,64.27168270027835
72.5,150.0,0.8216114755255886,7750.846599830231,27,36920.510699287246,63.41986274614407
72.5,152.5,0.8221861073536909,7725.665899859752,27,36825.25443860826,62.57345821331797
72.5,155.0,0.822723948664001,7702.03124390333,27,36726.10245829454,61.73349323367516
72.5,157.5,0.8232208147575221,7679.9260640623,27,36623.04621201212,60.900912919521154
72.5,160.0,0.8236729627449162,7659.539226636374,27,36515.98938164525,60.076594058006684
72.5,162.5,0.8240768544559098,7641.245551439984,27,36405.03271922152,59.26135403407981
72.5,165.0,0.8244293547550621,7625.1043035279035,27,36290.3438036742,58.45595829522018
72.5,167.5,0.8247277473429132,7611.147517533627,27,36172.01603051156,57.66112661269053
72.5,170.0,0.8249696566319865,7599.48899101029,27,36050.168578795376,56.87753834659124
72.5,172.5,0.8251532335932482,7590.465097217362,27,35924.94595117179,56.10583688362426
72.5,175.0,0.8252771470252055,7583.952852979604,27,35796.51727766007,55.346633385457835
72.5,177.5,0.8253404313040958,7579.9539665093325,27,35665.07541557413,54.60050996052113
72.5,180.0,0.8253424863397202,7579.7133158312645,27,35660.54461965663,54.52642741091612
72.5,182.5,0.8252834452650608,7583.356620889856,27,35792.235008742195,55.27120806286519
72.5,185.0,0.8251635870878571,7589.660675428808,27,35920.773763180245,56.029125671240834
72.5,187.5,0.8249838681973464,7598.469788267044,27,36046.071402053116,56.79960088529427
72.5,190.0,0.824745708773954,7609.753529337933,27,36168.001443078276,57.58202559099434
72.5,192.5,0.8244510053180656,7623.553840944078,27,36286.419184816536,58.375759791643375
72.5,195.0,0.8241020845890826,7639.541331570363,27,36401.20523488731,59.180127922049444
72.5,197.5,0.8237015841130947,7657.584026628407,27,36512.26596566429,59.994414485657366
72.5,200.0,0.8232526309926005,7677.6761618412565,27,36619.5337027621,60.817858879508115
72.5,202.5,0.822758563462153,7699.643582761288,27,36722.94168888708,61.64964924153824
72.5,205.0,0.8222232658194225,7723.255353544839,27,36822.10965415393,62.48891511716057
72.5,207.5,0.8216507599385825,7748.352974799229,27,36917.231371252565,63.334718695614896
72.5,210.0,0.821045376996634,7774.732272775378,27,37008.43523790664,64.18604430927321
72.5,212.5,0.8204119653595916,7802.145049796905,27,37095.75459412532,65.04178581870349
72.5,215.0,0.8197555424085768,7830.234406697098,27,37178.79539534263,65.90073142046316
72.5,217.5,0.819080831872613,7859.206390804844,27,37257.61231524544,66.76154531111497
72.5,220.0,0.8183925626656161,7888.363015426556,27,37332.61965044914,67.62274551840709
72.5,222.5,0.8176972787180963,7917.586108766496,27,37403.39511403418,68.48267706951448
72.5,225.0,0.816999000926821,7946.934201010503,27,37470.204866630724,69.33947951144545
72.5,227.5,0.8163035333355902,7975.682655620389,27,37532.979811085155,70.19104764298194
72.5,230.0,0.8156163010706416,8004.254240490729,27,37591.6924519646,71.03498418834265
72.5,232.5,0.8149420993205063,8031.755428208038,27,37646.4623820351,71.86854309330685
72.5,235.0,0.8142863468475778,8058.51766157872,27,37697.35694258148,72.68856225115321
72.5,237.5,0.8136541161015546,8083.939426181372,27,37744.15254110098,73.49138493415794
72.5,240.0,0.8130496103615965,8107.806438304251,27,37787.36550952797,74.27277028743715
72.5,242.5,0.8124785857851795,8130.383752287831,27,37826.540809593396,75.02779535206714
72.5,245.0,0.8119439758299124,8151.1401531358715,27,37861.82593890489,75.75075481044755
72.5,247.5,0.8114504281332585,8169.7190784369595,27,37893.57746408973,76.43507070058881
72.5,250.0,0.8110018922805012,8186.513661443023,27,37921.58900409145,77.07323333422143
72.5,252.5,0.8106015372532434,8201.017426172271,27,37945.609027212486,77.6568064728036
72.5,255.0,0.810251964826447,8213.329415505286,27,37965.95358158625,78.1765424698771
72.5,257.5,0.8099563819788075,8223.132684058277,27,37982.70571842324,78.62266101553847
72.5,260.0,0.8097166180859524,8230.382009461056,27,37995.84244056349,78.9853380605642
72.5,262.5,0.8095349008046284,8235.069799759192,27,38005.34595949389,79.25541660963535
72.5,265.0,0.8094124072428717,8237.18825215334,27,38011.20352695184,79.42528172262574
72.5,267.5,0.8093498860531044,8237.430094816606,27,38013.40730746556,79.48975248378012
72.5,270.0,0.8093477988745029,8237.42484301643,27,38013.45587267919,79.49023453516442
72.5,272.5,0.8094062368398549,8237.210256574625,27,38011.475748411314,79.43293246207003
72.5,275.0,0.8095248187047701,8235.230141029293,27,38005.87803704105,79.26999508379096
72.5,277.5,0.809702708111792,8230.654114645542,27,37996.63327096077,79.00641199123086
72.5,280.0,0.8099386190506588,8223.630804192951,27,37983.75366284576,78.6496620372885
72.5,282.5,0.810230567925524,8214.073534013587,27,37967.25646653387,78.20882746636603
72.5,285.0,0.8105764126258969,8201.989548862337,27,37947.150972695264,77.69371218831144
72.5,287.5,0.8109734809602235,8187.620516179188,27,37923.143266414874,77.11411723566759
72.5,290.0,0.8114188869270996,8170.95006158328,27,37895.55915049248,76.47933676002333
72.5,292.5,0.8119097783819443,8152.365486455055,27,37864.181600437034,75.79786645713997
72.5,295.0,0.8124413990574911,8131.822716323819,27,37829.02208913492,75.0772791744592
72.5,297.5,0.8130102898693125,8109.511978713606,27,37789.96566111506,74.32421393003874
72.5,300.0,0.8136128420571911,8085.484867492763,27,37747.304920548384,73.54443186771739
72.5,302.5,0.8142433193889468,8060.227551793367,27,37700.509712962565,72.74290523440254
72.5,305.0,0.8148975286470457,8033.514541706252,27,37649.978319169604,71.92391743288245
72.5,307.5,0.8155705859748834,8006.0955919718035,27,37595.50104423505,71.09116139784007
72.5,310.0,0.8162569724011751,7977.721746976298,27,37536.936796769776,70.24782977756038
72.5,312.5,0.8169522892763775,7948.8796570604245,27,37474.53017910027,69.39669426283714
72.5,315.0,0.8176503724957351,7919.530602703686,27,37408.0076761648,68.54017360272746
72.5,317.5,0.8183464493014937,7890.274970533916,27,37337.383645630354,67.68039098191483
72.5,320.0,0.8190352947058978,7860.99280901131,27,37262.899653651955,66.81922193399275
72.5,322.5,0.8197107218867296,7832.235804294905,27,37184.074241162554,65.95833410835223
72.5,325.0,0.8203686348497542,7804.064573686024,27,37101.324011717516,65.09922016707694
72.5,327.5,0.8210039835962281,7776.557785457633,27,37014.501948094294,64.24322496238048
72.5,330.0,0.8216112416479675,7749.9656769340145,27,36923.593557563625,63.39156799008902
72.5,332.5,0.8221858355714995,7724.861517981204,27,36828.528787846204,62.545361959296464
72.5,335.0,0.8227237990780879,7701.276996843677,27,36729.53132929349,61.705628176142014
72.5,337.5,0.8232207959351425,7679.231800038062,27,36626.57110811715,60.873309315820364
72.5,340.0,0.8236729127501922,7658.9140020178165,27,36519.56120676681,60.04928005220979
72.5,342.5,0.8240767891418308,7640.657211978651,27,36408.74714205424,59.2343559275529
72.5,345.0,0.8244293118450797,7624.599927775445,27,36294.19546146711,58.42930077328452
72.5,347.5,0.8247277310868094,7610.733358289552,27,36175.99871477371,57.634832934992225
72.5,350.0,0.8249697123467526,7599.170345015693,27,36054.27527018238,56.851630507381806
72.5,352.5,0.8251532844179587,7590.201989525049,27,35929.16886250988,56.0803357470095
72.5,355.0,0.8252771789922717,7583.791656657486,27,35800.847903732094,55.32155879974829
72.5,357.5,0.8253404081479652,7579.896831735132,27,35669.5045882571,54.57588085507103
75.0,0.0,0.8269733318966611,7501.450884356396,27,35708.17205045186,55.85379949953133
75.0,2.5,0.8269309328342754,7504.112358302344,27,35819.42754996428,56.518589669058215
75.0,5.0,0.8268450013156643,7508.629038830986,27,35928.46102497401,57.194026161705075
75.0,7.5,0.8267161606561635,7514.956732184393,27,36035.123179371934,57.87946339339801
75.0,10.0,0.8265455002757036,7523.053333726944,27,36139.28426118777,58.57421912227327
75.0,12.5,0.8263341650973074,7532.971180303954,27,36240.778889213456,59.27757068702571
75.0,15.0,0.8260837345251978,7544.502145445906,27,36339.20221820823,59.988750672153564
75.0,17.5,0.8257962163011978,7557.53637819807,27,36434.70196462865,60.70694191125905
75.0,20.0,0.8254739334587521,7571.947783247102,27,36527.303403689526,61.43127172601972
75.0,22.5,0.825119517615033,7587.594595842296,27,36616.97492959001,62.16080528347785
75.0,25.0,0.8247355136526434,7604.542464672122,27,36703.302554948255,62.89453793816841
75.0,27.5,0.8243245967135273,7622.596018830547,27,36786.19810077734,63.63138640889081
75.0,30.0,0.8238899627166049,7641.421294532716,27,36866.09807929862,64.3701786236703
75.0,32.5,0.8234355642265057,7660.983705213759,27,36942.61433614185,65.10964205243644
75.0,35.0,0.822964259734827,7681.314370162785,27,37015.512555406196,65.84839033804492
75.0,37.5,0.8224795099080439,7701.842132102,27,37085.3121493198,66.58490803699058
75.0,40.0,0.8219859470113571,7722.8486520259175,27,37151.470513624605,67.31753329833384
75.0,42.5,0.8214860784028484,7743.784623073647,27,37214.40728046256,68.04443835309962
75.0,45.0,0.820985058047071,7764.729984936072,27,37273.70591506758,68.763607771259
75.0,47.5,0.8204853685851966,7785.380773388082,27,37329.73777305172,69.47281458972961
75.0,50.0,0.8199919360899917,7805.857935020002,27,37382.155049395515,70.16959465003379
75.0,52.5,0.8195072616583796,7825.4569874193985,27,37431.33583833603,70.85121984347799
75.0,55.0,0.8190365144480698,7844.604699439602,27,37476.9408369977,71.51467148672093
75.0,57.5,0.8185821933007024,7862.828406996094,27,37519.15943882801,72.15661578509314
75.0,60.0,0.8181477890002494,7879.886015052674,27,37558.07361445227,72.77338431919954
75.0,62.5,0.8177375296921884,7896.016867319588,27,37593.45032397425,73.36096371463917
75.0,65.0,0.8173531456249006,7910.898825864773,27,37625.42865183763,73.91500005858295
75.0,67.5,0.8169985944497241,7924.187761147972,27,37654.232525128406,74.43082502153705
75.0,70.0,0.8166760198752393,7936.00557645387,27,37679.63833612623,74.90351165515443
75.0,72.5,0.8163884867101259,7946.4277390211355,27,37701.56314248592,75.32796786872761
75.0,75.0,0.816137087388077,7955.090347872581,27,37720.09117143112,75.6990738456693
75.0,77.5,0.8159245041628495,7962.011531641008,27,37735.37176159606,76.0118653457185
75.0,80.0,0.8157523032093534,7967.203024885384,27,37747.38074944541,76.26175753645008
75.0,82.5,0.8156215550080333,7970.514917685883,27,37756.09930064296,76.44479424878891
75.0,85.0,0.8155333069944424,7971.942410842748,27,37761.51382694836,76.55789732084074
75.0,87.5,0.8154883104538977,7971.990841079125,27,37763.664050518884,76.59908329741025
75.0,90.0,0.8154868526032204,7972.004447994288,27,37763.74914343693,76.59924645961112
75.0,92.5,0.815528980088261,7971.941932321188,27,37761.80719787613,76.56291725215836
75.0,95.0,0.8156144143949302,7970.65389873632,27,37756.62524886723,76.45458139053505
75.0,97.5,0.8157422859437772,7967.498856110829,27,37748.13821984407,76.27614273823977
75.0,100.0,0.8159117484415,7962.4815838475115,27,37736.359211786126,76.0306123593478
75.0,102.5,0.8161217004617431,7955.607073772906,27,37721.306574155315,75.72189524442933
75.0,105.0,0.8163703405153526,7947.107289068277,27,37702.88135300318,75.35454207736164
75.0,107.5,0.8166556332088689,7936.858811263417,27,37681.05316933233,74.93349907608892
75.0,110.0,0.8169758946291904,7924.879496398462,27,37656.00037349235,74.46388186909716
75.0,112.5,0.8173286567307259,7911.796822136319,27,37627.583016975404,73.95078921368301
75.0,115.0,0.817710762686465,7897.080345982547,27,37595.773085505134,73.39916250235267
75.0,117.5,0.8181196000620296,7881.124015249879,27,37560.419535767374,72.81368950684471
75.0,120.0,0.8185524728876196,7863.842651420153,27,37521.96597970977,72.19874629921944
75.0,122.5,0.8190054492193009,7845.926987563984,27,37479.97117656145,71.55836939908554
75.0,125.0,0.8194753479488851,7826.86169788667,27,37434.37504611211,70.89625013534709
75.0,127.5,0.8199592576392324,7807.07598700187,27,37385.70239939864,70.21574417899087
75.0,130.0,0.8204519507247438,7786.848116298839,27,37333.25304102445,69.51989058646221
75.0,132.5,0.8209514044255555,7766.10428966488,27,37277.69910305644,68.81143610407945
75.0,135.0,0.821452536411093,7745.290318934825,27,37218.38627044002,68.09286172338749
75.0,137.5,0.8219527225422457,7724.172899107587,27,37155.9409843739,67.36640947245678
75.0,140.0,0.8224467667900048,7703.309685622844,27,37089.73658319436,66.63410817808557
75.0,142.5,0.8229325138814354,7682.609700989469,27,37020.414178555904,65.89779747155504
75.0,145.0,0.8234045709080926,7662.270539614328,27,36947.46007620513,65.15914967955142
75.0,147.5,0.8238603611612374,7642.706651733759,27,36871.3371536311,64.41968948419584
75.0,150.0,0.8242965028313289,7623.720962983349,27,36791.757929034226,63.680811387457126
75.0,152.5,0.8247088054949848,7605.611398368266,27,36708.85599092698,62.94379510348519
75.0,155.0,0.8250946251601321,7588.733135441602,27,36622.812810915944,62.20981904837844
75.0,157.5,0.825451453004575,7572.936425943768,27,36533.4496608881,61.47997211549569
75.0,160.0,0.8257760376661408,7558.37799651382,27,36441.07201952013,60.75526392599942
75.0,162.5,0.8260657237039942,7545.19951649346,27,36345.725774512684,60.03663373590099
75.0,165.0,0.8263184229284026,7533.657617478468,27,36247.38007625585,59.32495816709547
75.0,167.5,0.8265323880886665,7523.769792890678,27,36146.11655450423,58.62105791369957
75.0,170.0,0.8267058859534505,7515.554255758947,27,36042.134957938775,57.92570355828279
75.0,172.5,0.8268375612242421,7509.089531284684,27,35935.63979706983,57.239620616391626
75.0,175.0,0.8269264454325247,7504.436915163416,27,35826.760023755676,56.56349391271306
75.0,177.5,0.82697180035937,7501.640230083434,27,35715.64417883758,55.89797137857758
75.0,180.0,0.8269732680508152,7501.4183286670595,27,35711.9753984788,55.8318374567844
75.0,182.5,0.826930899444193,7504.0192030961625,27,35823.145505718654,56.49626214601939
75.0,185.0,0.8268449166185812,7508.476998058613,27,35932.08637536573,57.1713540792088
75.0,187.5,0.8267161160225949,7514.748387638014,27,36038.649275301024,57.85646883503979
75.0,190.0,0.8265454438210604,7522.772587710526,27,36142.705050604185,58.55092545081864
75.0,192.5,0.8263341208751684,7532.594241783721,27,36244.02188429376,59.25400267853158
75.0,195.0,0.8260837050312768,7544.079778964398,27,36342.475478881504,59.96493467054701
75.0,197.5,0.8257961575629321,7557.074413179886,27,36437.8530886916,60.68290600654361
75.0,200.0,0.8254739065238367,7571.45280845277,27,36530.328757158946,61.407045959754626
75.0,202.5,0.8251193790426947,7587.073918190552,27,36619.87157183653,62.13642188569514
75.0,205.0,0.8247353324551155,7603.926924823318,27,36706.137949304655,62.87003160044418
75.0,207.5,0.8243244378478973,7621.969437523512,27,36788.897744283546,63.60679459884328
75.0,210.0,0.8238898391973836,7640.792920397129,27,36868.66093277652,64.34554194667642
75.0,212.5,0.8234352686402987,7660.279849281069,27,36945.10667560832,65.08500466676279
75.0,215.0,0.8229640064403614,7680.626999575645,27,37017.85947207408,65.82380042976028
75.0,217.5,0.8224791921092871,7701.18203321984,27,37087.66364701092,66.56041836078501
75.0,220.0,0.8219855086124976,7722.137532149674,27,37153.591961269034,67.29320178943505
75.0,222.5,0.8214856182590253,7743.12196256686,27,37216.487251121085,68.02032881345309
75.0,225.0,0.8209844343656074,7764.0341754208785,27,37275.59583215765,68.73979062945206
75.0,227.5,0.8204848255336405,7784.703909180127,27,37331.629468530184,69.4493677280043
75.0,230.0,0.8199912646055273,7805.166634161724,27,37383.810602147365,70.14660428211491
75.0,232.5,0.8195065703450026,7824.842720357003,27,37432.99338674988,70.82878141254636
75.0,235.0,0.81903572181432,7844.014089325909,27,37478.362061954336,71.49289053222853
75.0,237.5,0.8185813402489224,7862.197403119411,27,37520.48075503553,72.13560869885065
75.0,240.0,0.8181469188647832,7879.385154206539,27,37559.39845812903,72.75327887448442
75.0,242.5,0.8177365878948696,7895.494381274562,27,37594.53873802489,73.34189920774651
75.0,245.0,0.817352164543753,7910.423086147057,27,37626.41470114747,73.89712685412704
75.0,247.5,0.8169975618418115,7923.707277296111,27,37655.11497656093,74.4143032498325
75.0,250.0,0.8166750788521329,7935.655514399987,27,37680.527987923706,74.88850878811259
75.0,252.5,0.8163873777673356,7946.14063308062,27,37702.218855072744,75.31465492346862
75.0,255.0,0.816135883060187,7954.825823930558,27,37720.64316031127,75.68762006059035
75.0,257.5,0.8159234081500674,7961.846655199304,27,37735.81943083834,76.00243136531132
75.0,260.0,0.8157511418614944,7967.07846026984,27,37747.723628182895,76.25448743043003
75.0,262.5,0.8156202836003399,7970.438657501712,27,37756.337035909295,76.43980703883939
75.0,265.0,0.8155321312799795,7971.922440229682,27,37761.646178027615,76.5552790045348
75.0,267.5,0.8154871575408232,7971.989358438295,27,37763.6427569557,76.59888051942339
75.0,270.0,0.8154856992362295,7971.998609676608,27,37763.71501691136,76.5992060588439
75.0,272.5,0.8155277778944232,7971.891555297974,27,37761.88942203594,76.56045971941303
75.0,275.0,0.8156131180597613,7970.547307281944,27,37756.81293355637,76.44975060208343
75.0,277.5,0.8157411012467803,7967.344044749887,27,37748.43117240201,76.26902225823663
75.0,280.0,0.8159105871927802,7962.286554873375,27,37736.75712717941,76.02131926026655
75.0,282.5,0.8161205672528603,7955.379825244607,27,37721.809029262804,75.71057220397438
75.0,285.0,0.8163693890803884,7946.79012615898,27,37703.61043532958,75.34134890420238
75.0,287.5,0.8166545851131952,7936.527080015338,27,37681.893208380956,74.9186046709943
75.0,290.0,0.8169748213856305,7924.486191956254,27,37656.94330928953,74.44745731812522
75.0,292.5,0.8173276039249854,7911.290683033367,27,37628.51960826425,73.93300236107036
75.0,295.0,0.8177099163997962,7896.586860412317,27,37596.86036568925,73.38017405578756
75.0,297.5,0.8181188331254537,7880.592957154229,27,37561.6952691262,72.7936505294267
75.0,300.0,0.8185514880986904,7863.202673455118,27,37523.29370394509,72.17779684105321
75.0,302.5,0.8190047623569937,7845.305861043453,27,37481.38058035006,71.53663799473038
75.0,305.0,0.8194746754763852,7826.234185810856,27,37435.98415084913,70.87385391307933
75.0,307.5,0.819958533880569,7806.353826220933,27,37387.30969962863,70.1927893700037
75.0,310.0,0.8204513757721559,7786.192875596949,27,37335.096682066025,69.49647327025386
75.0,312.5,0.8209507748518007,7765.377475492227,27,37279.565216928575,68.78764307103098
75.0,315.0,0.8214521740893507,7744.596762039058,27,37220.46287518442,68.06877137277782
75.0,317.5,0.8219522783350314,7723.430589844618,27,37158.015488588804,67.34209269298178
75.0,320.0,0.8224464424282819,7702.618514991482,27,37092.041571795206,66.60962917904986
75.0,322.5,0.8229321682409351,7681.891018208524,27,37022.715165570786,65.87321454767354
75.0,325.0,0.8234041112338939,7661.618953402722,27,36949.98555486453,65.13451590219259
75.0,327.5,0.8238602070523546,7642.046889257916,27,36873.92114078287,64.39505331822907
75.0,330.0,0.8242963838307518,7623.062831564894,27,36794.413217699075,63.656217236690736
75.0,332.5,0.8247085586038403,7605.041561990205,27,36711.72480997395,62.91928378979435
75.0,335.0,0.8250946344909086,7588.180891637014,27,36625.742968531646,62.18542823061585
75.0,337.5,0.8254514158071884,7572.40977820674,27,36536.432729008084,61.455736654554215
75.0,340.0,0.8257759888227615,7557.8842742225825,27,36444.181478450104,60.73121620224711
75.0,342.5,0.8260656744554645,7544.745327723045,27,36349.01913876867,60.012803924812886
75.0,345.0,0.8263183922870251,7533.316064001454,27,36250.745842614895,59.30137447839395
75.0,347.5,0.8265323559767833,7523.476784664221,27,36149.4982605242,58.59774679875834
75.0,350.0,0.8267058485967321,7515.314073014051,27,36045.62277528049,57.90268988999597
75.0,352.5,0.8268375908894138,7508.905619915211,27,35939.227717172354,57.21692784518829
75.0,355.0,0.8269264844138517,7504.31186678564,27,35830.44143508447,56.54114420191793
75.0,357.5,0.8269718480373909,7501.575767389877,27,35719.41190016101,55.87598572188969
